"ANYREGION","ITEM_AG","Year","Scen","value"
"AUT","GRS",2000,"FP_SOC",1
"AUT","GRS",2000,"EA_SOC",1
"AUT","GRS",2000,"FP_PTL",1
"AUT","GRS",2000,"EA_PTL",1
"AUT","GRS",2010,"FP_SOC",1
"AUT","GRS",2010,"EA_SOC",1
"AUT","GRS",2010,"FP_PTL",1
"AUT","GRS",2010,"EA_PTL",1
"AUT","GRS",2020,"FP_SOC",1
"AUT","GRS",2020,"EA_SOC",1
"AUT","GRS",2020,"FP_PTL",1
"AUT","GRS",2020,"EA_PTL",1
"AUT","GRS",2030,"FP_SOC",1.00928173097901
"AUT","GRS",2030,"EA_SOC",0.962613767609827
"AUT","GRS",2030,"FP_PTL",1.00000000015041
"AUT","GRS",2030,"EA_PTL",1.00001174613935
"AUT","GRS",2040,"FP_SOC",1.00941059792427
"AUT","GRS",2040,"EA_SOC",0.927770712472598
"AUT","GRS",2040,"FP_PTL",1.00000000028734
"AUT","GRS",2040,"EA_PTL",1.00000971119304
"AUT","GRS",2050,"FP_SOC",1.00892701163088
"AUT","GRS",2050,"EA_SOC",0.918417215162937
"AUT","GRS",2050,"FP_PTL",1.00000000024969
"AUT","GRS",2050,"EA_PTL",1.00000809913059
"AUT","CRP",2000,"FP_SOC",1
"AUT","CRP",2000,"EA_SOC",1
"AUT","CRP",2000,"FP_PTL",1
"AUT","CRP",2000,"EA_PTL",1
"AUT","CRP",2010,"FP_SOC",1
"AUT","CRP",2010,"EA_SOC",1
"AUT","CRP",2010,"FP_PTL",1
"AUT","CRP",2010,"EA_PTL",1
"AUT","CRP",2020,"FP_SOC",1
"AUT","CRP",2020,"EA_SOC",1
"AUT","CRP",2020,"FP_PTL",1
"AUT","CRP",2020,"EA_PTL",1
"AUT","CRP",2030,"FP_SOC",1.01398872512784
"AUT","CRP",2030,"EA_SOC",1.00609478202834
"AUT","CRP",2030,"FP_PTL",0.999958163649372
"AUT","CRP",2030,"EA_PTL",1.00066059166629
"AUT","CRP",2040,"FP_SOC",1.01657201668847
"AUT","CRP",2040,"EA_SOC",1.00736605284305
"AUT","CRP",2040,"FP_PTL",0.999937657719225
"AUT","CRP",2040,"EA_PTL",1.00097855981309
"AUT","CRP",2050,"FP_SOC",1.01656987657972
"AUT","CRP",2050,"EA_SOC",1.00283832492514
"AUT","CRP",2050,"FP_PTL",0.999189571184457
"AUT","CRP",2050,"EA_PTL",0.998116625549639
"BEL","GRS",2000,"FP_SOC",1
"BEL","GRS",2000,"EA_SOC",1
"BEL","GRS",2000,"FP_PTL",1
"BEL","GRS",2000,"EA_PTL",1
"BEL","GRS",2010,"FP_SOC",1
"BEL","GRS",2010,"EA_SOC",1
"BEL","GRS",2010,"FP_PTL",1
"BEL","GRS",2010,"EA_PTL",1
"BEL","GRS",2020,"FP_SOC",1
"BEL","GRS",2020,"EA_SOC",1
"BEL","GRS",2020,"FP_PTL",1
"BEL","GRS",2020,"EA_PTL",1
"BEL","GRS",2030,"FP_SOC",1
"BEL","GRS",2030,"EA_SOC",0.983670155879921
"BEL","GRS",2030,"FP_PTL",1
"BEL","GRS",2030,"EA_PTL",1.00015094808178
"BEL","GRS",2040,"FP_SOC",0.999507050986269
"BEL","GRS",2040,"EA_SOC",0.972179693844155
"BEL","GRS",2040,"FP_PTL",1.00001075134073
"BEL","GRS",2040,"EA_PTL",0.999831807289622
"BEL","GRS",2050,"FP_SOC",1.00008522767718
"BEL","GRS",2050,"EA_SOC",0.968816743830699
"BEL","GRS",2050,"FP_PTL",0.999981988283543
"BEL","GRS",2050,"EA_PTL",0.99961387578102
"BEL","CRP",2000,"FP_SOC",1
"BEL","CRP",2000,"EA_SOC",1
"BEL","CRP",2000,"FP_PTL",1
"BEL","CRP",2000,"EA_PTL",1
"BEL","CRP",2010,"FP_SOC",1
"BEL","CRP",2010,"EA_SOC",1
"BEL","CRP",2010,"FP_PTL",1
"BEL","CRP",2010,"EA_PTL",1
"BEL","CRP",2020,"FP_SOC",1
"BEL","CRP",2020,"EA_SOC",1
"BEL","CRP",2020,"FP_PTL",1
"BEL","CRP",2020,"EA_PTL",1
"BEL","CRP",2030,"FP_SOC",1.02054040180569
"BEL","CRP",2030,"EA_SOC",0.968534032747306
"BEL","CRP",2030,"FP_PTL",1.00078578214785
"BEL","CRP",2030,"EA_PTL",0.998802893017573
"BEL","CRP",2040,"FP_SOC",1.0176898364327
"BEL","CRP",2040,"EA_SOC",0.983481864274825
"BEL","CRP",2040,"FP_PTL",0.99988691850078
"BEL","CRP",2040,"EA_PTL",0.999568485728991
"BEL","CRP",2050,"FP_SOC",1.05503087158099
"BEL","CRP",2050,"EA_SOC",0.939014882270891
"BEL","CRP",2050,"FP_PTL",1.00220587576493
"BEL","CRP",2050,"EA_PTL",1.00220344972086
"BGR","GRS",2020,"FP_SOC",1
"BGR","GRS",2020,"EA_SOC",1
"BGR","GRS",2020,"FP_PTL",1
"BGR","GRS",2020,"EA_PTL",1
"BGR","GRS",2030,"FP_SOC",0.999993566898006
"BGR","GRS",2030,"EA_SOC",0.847106755090761
"BGR","GRS",2030,"FP_PTL",1.00005123021971
"BGR","GRS",2030,"EA_PTL",0.999875231733457
"BGR","GRS",2040,"FP_SOC",1.0000055238823
"BGR","GRS",2040,"EA_SOC",0.746871814037694
"BGR","GRS",2040,"FP_PTL",0.99997841803281
"BGR","GRS",2040,"EA_PTL",1.00100903201582
"BGR","GRS",2050,"FP_SOC",1.00318771826048
"BGR","GRS",2050,"EA_SOC",0.562455957482082
"BGR","GRS",2050,"FP_PTL",0.999977387384707
"BGR","GRS",2050,"EA_PTL",1.0010106039883
"BGR","CRP",2000,"FP_SOC",1
"BGR","CRP",2000,"EA_SOC",1
"BGR","CRP",2000,"FP_PTL",1
"BGR","CRP",2000,"EA_PTL",1
"BGR","CRP",2010,"FP_SOC",1
"BGR","CRP",2010,"EA_SOC",1
"BGR","CRP",2010,"FP_PTL",1
"BGR","CRP",2010,"EA_PTL",1
"BGR","CRP",2020,"FP_SOC",1
"BGR","CRP",2020,"EA_SOC",1
"BGR","CRP",2020,"FP_PTL",1
"BGR","CRP",2020,"EA_PTL",1
"BGR","CRP",2030,"FP_SOC",0.997307657603864
"BGR","CRP",2030,"EA_SOC",0.996891433575478
"BGR","CRP",2030,"FP_PTL",1.00000837825381
"BGR","CRP",2030,"EA_PTL",0.99999777440438
"BGR","CRP",2040,"FP_SOC",1.00002324317174
"BGR","CRP",2040,"EA_SOC",1.00001201894006
"BGR","CRP",2040,"FP_PTL",0.999994631610903
"BGR","CRP",2040,"EA_PTL",0.999997278654936
"BGR","CRP",2050,"FP_SOC",0.999648102421581
"BGR","CRP",2050,"EA_SOC",0.999388310641005
"BGR","CRP",2050,"FP_PTL",1.00003071699083
"BGR","CRP",2050,"EA_PTL",1.00006717191025
"CYP","GRS",2000,"FP_SOC",1
"CYP","GRS",2000,"EA_SOC",1
"CYP","GRS",2000,"FP_PTL",1
"CYP","GRS",2000,"EA_PTL",1
"CYP","GRS",2010,"FP_SOC",1
"CYP","GRS",2010,"EA_SOC",1
"CYP","GRS",2010,"FP_PTL",1
"CYP","GRS",2010,"EA_PTL",1
"CYP","GRS",2020,"FP_SOC",1
"CYP","GRS",2020,"EA_SOC",1
"CYP","GRS",2020,"FP_PTL",1
"CYP","GRS",2020,"EA_PTL",1
"CYP","GRS",2030,"FP_SOC",1
"CYP","GRS",2030,"EA_SOC",0.995854886634229
"CYP","GRS",2030,"FP_PTL",1
"CYP","GRS",2030,"EA_PTL",1
"CYP","GRS",2040,"FP_SOC",1.00008434237762
"CYP","GRS",2040,"EA_SOC",0.996915865443231
"CYP","GRS",2040,"FP_PTL",1.00000847837121
"CYP","GRS",2040,"EA_PTL",1.00002445824836
"CYP","GRS",2050,"FP_SOC",1.00007673297845
"CYP","GRS",2050,"EA_SOC",0.998184394917245
"CYP","GRS",2050,"FP_PTL",1.00000785752342
"CYP","GRS",2050,"EA_PTL",0.997909052881161
"CYP","CRP",2000,"FP_SOC",1
"CYP","CRP",2000,"EA_SOC",1
"CYP","CRP",2000,"FP_PTL",1
"CYP","CRP",2000,"EA_PTL",1
"CYP","CRP",2010,"FP_SOC",1
"CYP","CRP",2010,"EA_SOC",1
"CYP","CRP",2010,"FP_PTL",1
"CYP","CRP",2010,"EA_PTL",1
"CYP","CRP",2020,"FP_SOC",1
"CYP","CRP",2020,"EA_SOC",1
"CYP","CRP",2020,"FP_PTL",1
"CYP","CRP",2020,"EA_PTL",1
"CYP","CRP",2030,"FP_SOC",1.0011757768906
"CYP","CRP",2030,"EA_SOC",1.00089079095248
"CYP","CRP",2030,"FP_PTL",1
"CYP","CRP",2030,"EA_PTL",1
"CYP","CRP",2040,"FP_SOC",1.00128428095972
"CYP","CRP",2040,"EA_SOC",1.00049204617229
"CYP","CRP",2040,"FP_PTL",1
"CYP","CRP",2040,"EA_PTL",1
"CYP","CRP",2050,"FP_SOC",1.0009997286358
"CYP","CRP",2050,"EA_SOC",1.00042882988491
"CYP","CRP",2050,"FP_PTL",1
"CYP","CRP",2050,"EA_PTL",1
"CZE","GRS",2000,"FP_SOC",1
"CZE","GRS",2000,"EA_SOC",1
"CZE","GRS",2000,"FP_PTL",1
"CZE","GRS",2000,"EA_PTL",1
"CZE","GRS",2010,"FP_SOC",1
"CZE","GRS",2010,"EA_SOC",1
"CZE","GRS",2010,"FP_PTL",1
"CZE","GRS",2010,"EA_PTL",1
"CZE","GRS",2020,"FP_SOC",1
"CZE","GRS",2020,"EA_SOC",1
"CZE","GRS",2020,"FP_PTL",1
"CZE","GRS",2020,"EA_PTL",1
"CZE","GRS",2030,"FP_SOC",1.0290795879613
"CZE","GRS",2030,"EA_SOC",0.943675775399836
"CZE","GRS",2030,"FP_PTL",1
"CZE","GRS",2030,"EA_PTL",1
"CZE","GRS",2040,"FP_SOC",1.06360844009766
"CZE","GRS",2040,"EA_SOC",0.976257862886687
"CZE","GRS",2040,"FP_PTL",1.00000246417135
"CZE","GRS",2040,"EA_PTL",0.999941482061763
"CZE","GRS",2050,"FP_SOC",1.03767096823252
"CZE","GRS",2050,"EA_SOC",0.962177179012986
"CZE","GRS",2050,"FP_PTL",0.999995279424078
"CZE","GRS",2050,"EA_PTL",1.00000292243983
"CZE","CRP",2000,"FP_SOC",1
"CZE","CRP",2000,"EA_SOC",1
"CZE","CRP",2000,"FP_PTL",1
"CZE","CRP",2000,"EA_PTL",1
"CZE","CRP",2010,"FP_SOC",1
"CZE","CRP",2010,"EA_SOC",1
"CZE","CRP",2010,"FP_PTL",1
"CZE","CRP",2010,"EA_PTL",1
"CZE","CRP",2020,"FP_SOC",1
"CZE","CRP",2020,"EA_SOC",1
"CZE","CRP",2020,"FP_PTL",1
"CZE","CRP",2020,"EA_PTL",1
"CZE","CRP",2030,"FP_SOC",1.00696583474955
"CZE","CRP",2030,"EA_SOC",1.01402063251199
"CZE","CRP",2030,"FP_PTL",0.999889425411916
"CZE","CRP",2030,"EA_PTL",1.00076509623518
"CZE","CRP",2040,"FP_SOC",1.00227723167215
"CZE","CRP",2040,"EA_SOC",1.0226740963341
"CZE","CRP",2040,"FP_PTL",0.999998851627915
"CZE","CRP",2040,"EA_PTL",0.999931508817039
"CZE","CRP",2050,"FP_SOC",1.00343213725641
"CZE","CRP",2050,"EA_SOC",1.00080516535213
"CZE","CRP",2050,"FP_PTL",1.00027283111169
"CZE","CRP",2050,"EA_PTL",0.999690593274833
"DEU","GRS",2000,"FP_SOC",1
"DEU","GRS",2000,"EA_SOC",1
"DEU","GRS",2000,"FP_PTL",1
"DEU","GRS",2000,"EA_PTL",1
"DEU","GRS",2010,"FP_SOC",1
"DEU","GRS",2010,"EA_SOC",1
"DEU","GRS",2010,"FP_PTL",1
"DEU","GRS",2010,"EA_PTL",1
"DEU","GRS",2020,"FP_SOC",1
"DEU","GRS",2020,"EA_SOC",1
"DEU","GRS",2020,"FP_PTL",1
"DEU","GRS",2020,"EA_PTL",1
"DEU","GRS",2030,"FP_SOC",0.999592943046731
"DEU","GRS",2030,"EA_SOC",1.01954969493857
"DEU","GRS",2030,"FP_PTL",0.999995252374575
"DEU","GRS",2030,"EA_PTL",1.03113409393108
"DEU","GRS",2040,"FP_SOC",0.998378893354787
"DEU","GRS",2040,"EA_SOC",0.979874101610587
"DEU","GRS",2040,"FP_PTL",0.999869556645151
"DEU","GRS",2040,"EA_PTL",1.07400890072623
"DEU","GRS",2050,"FP_SOC",0.998691231114653
"DEU","GRS",2050,"EA_SOC",0.968282440135675
"DEU","GRS",2050,"FP_PTL",0.999501128599754
"DEU","GRS",2050,"EA_PTL",1.10978388048366
"DEU","CRP",2000,"FP_SOC",1
"DEU","CRP",2000,"EA_SOC",1
"DEU","CRP",2000,"FP_PTL",1
"DEU","CRP",2000,"EA_PTL",1
"DEU","CRP",2010,"FP_SOC",1
"DEU","CRP",2010,"EA_SOC",1
"DEU","CRP",2010,"FP_PTL",1
"DEU","CRP",2010,"EA_PTL",1
"DEU","CRP",2020,"FP_SOC",1
"DEU","CRP",2020,"EA_SOC",1
"DEU","CRP",2020,"FP_PTL",1
"DEU","CRP",2020,"EA_PTL",1
"DEU","CRP",2030,"FP_SOC",1.01211156069747
"DEU","CRP",2030,"EA_SOC",1.00433992986095
"DEU","CRP",2030,"FP_PTL",1.00005676622565
"DEU","CRP",2030,"EA_PTL",1.00274540339634
"DEU","CRP",2040,"FP_SOC",1.0039940528036
"DEU","CRP",2040,"EA_SOC",0.991352044070737
"DEU","CRP",2040,"FP_PTL",0.999258723817123
"DEU","CRP",2040,"EA_PTL",1.00923104187794
"DEU","CRP",2050,"FP_SOC",1.01190033871411
"DEU","CRP",2050,"EA_SOC",0.990783651530155
"DEU","CRP",2050,"FP_PTL",0.998200336250804
"DEU","CRP",2050,"EA_PTL",1.00105960668999
"DNK","GRS",2000,"FP_SOC",1
"DNK","GRS",2000,"EA_SOC",1
"DNK","GRS",2000,"FP_PTL",1
"DNK","GRS",2000,"EA_PTL",1
"DNK","GRS",2010,"FP_SOC",1
"DNK","GRS",2010,"EA_SOC",1
"DNK","GRS",2010,"FP_PTL",1
"DNK","GRS",2010,"EA_PTL",1
"DNK","GRS",2020,"FP_SOC",1
"DNK","GRS",2020,"EA_SOC",1
"DNK","GRS",2020,"FP_PTL",1
"DNK","GRS",2020,"EA_PTL",1
"DNK","GRS",2030,"FP_SOC",1
"DNK","GRS",2030,"EA_SOC",0.999997049365117
"DNK","GRS",2030,"FP_PTL",1
"DNK","GRS",2030,"EA_PTL",1
"DNK","GRS",2040,"FP_SOC",1
"DNK","GRS",2040,"EA_SOC",0.99662516084628
"DNK","GRS",2040,"FP_PTL",1
"DNK","GRS",2040,"EA_PTL",0.999997919783153
"DNK","GRS",2050,"FP_SOC",1
"DNK","GRS",2050,"EA_SOC",0.943684935913766
"DNK","GRS",2050,"FP_PTL",1.00005350534928
"DNK","GRS",2050,"EA_PTL",1.00004514760171
"DNK","CRP",2000,"FP_SOC",1
"DNK","CRP",2000,"EA_SOC",1
"DNK","CRP",2000,"FP_PTL",1
"DNK","CRP",2000,"EA_PTL",1
"DNK","CRP",2010,"FP_SOC",1
"DNK","CRP",2010,"EA_SOC",1
"DNK","CRP",2010,"FP_PTL",1
"DNK","CRP",2010,"EA_PTL",1
"DNK","CRP",2020,"FP_SOC",1
"DNK","CRP",2020,"EA_SOC",1
"DNK","CRP",2020,"FP_PTL",1
"DNK","CRP",2020,"EA_PTL",1
"DNK","CRP",2030,"FP_SOC",1.00501642414145
"DNK","CRP",2030,"EA_SOC",1.01060428738598
"DNK","CRP",2030,"FP_PTL",0.999928392677945
"DNK","CRP",2030,"EA_PTL",1.00293888495151
"DNK","CRP",2040,"FP_SOC",1.00471897518009
"DNK","CRP",2040,"EA_SOC",1.00891983398019
"DNK","CRP",2040,"FP_PTL",1.00000581136263
"DNK","CRP",2040,"EA_PTL",1.00502577617086
"DNK","CRP",2050,"FP_SOC",1.00461348540129
"DNK","CRP",2050,"EA_SOC",1.01126030393331
"DNK","CRP",2050,"FP_PTL",1.0001593021732
"DNK","CRP",2050,"EA_PTL",1.00835738497745
"ESP","GRS",2000,"FP_SOC",1
"ESP","GRS",2000,"EA_SOC",1
"ESP","GRS",2000,"FP_PTL",1
"ESP","GRS",2000,"EA_PTL",1
"ESP","GRS",2010,"FP_SOC",1
"ESP","GRS",2010,"EA_SOC",1
"ESP","GRS",2010,"FP_PTL",1
"ESP","GRS",2010,"EA_PTL",1
"ESP","GRS",2020,"FP_SOC",1
"ESP","GRS",2020,"EA_SOC",1
"ESP","GRS",2020,"FP_PTL",1
"ESP","GRS",2020,"EA_PTL",1
"ESP","GRS",2030,"FP_SOC",1.10610426547463
"ESP","GRS",2030,"EA_SOC",0.960728620281112
"ESP","GRS",2030,"FP_PTL",1.0000389991421
"ESP","GRS",2030,"EA_PTL",0.998786072009594
"ESP","GRS",2040,"FP_SOC",1.11690370829234
"ESP","GRS",2040,"EA_SOC",0.827699690876119
"ESP","GRS",2040,"FP_PTL",1.00004157849272
"ESP","GRS",2040,"EA_PTL",0.999098032962575
"ESP","GRS",2050,"FP_SOC",1.3003693582682
"ESP","GRS",2050,"EA_SOC",0.791513913925769
"ESP","GRS",2050,"FP_PTL",1.00005430762844
"ESP","GRS",2050,"EA_PTL",0.99870977781898
"ESP","CRP",2000,"FP_SOC",1
"ESP","CRP",2000,"EA_SOC",1
"ESP","CRP",2000,"FP_PTL",1
"ESP","CRP",2000,"EA_PTL",1
"ESP","CRP",2010,"FP_SOC",1
"ESP","CRP",2010,"EA_SOC",1
"ESP","CRP",2010,"FP_PTL",1
"ESP","CRP",2010,"EA_PTL",1
"ESP","CRP",2020,"FP_SOC",1
"ESP","CRP",2020,"EA_SOC",1
"ESP","CRP",2020,"FP_PTL",1
"ESP","CRP",2020,"EA_PTL",1
"ESP","CRP",2030,"FP_SOC",0.996054872408792
"ESP","CRP",2030,"EA_SOC",0.982301316083462
"ESP","CRP",2030,"FP_PTL",1.00010471632962
"ESP","CRP",2030,"EA_PTL",0.999806518741849
"ESP","CRP",2040,"FP_SOC",0.987769933016994
"ESP","CRP",2040,"EA_SOC",0.977858034774378
"ESP","CRP",2040,"FP_PTL",1.00000858572358
"ESP","CRP",2040,"EA_PTL",0.999869384595359
"ESP","CRP",2050,"FP_SOC",1.00519865041416
"ESP","CRP",2050,"EA_SOC",1.00534576339711
"ESP","CRP",2050,"FP_PTL",0.999939786648748
"ESP","CRP",2050,"EA_PTL",1.00002975346465
"EST","GRS",2000,"FP_SOC",1
"EST","GRS",2000,"EA_SOC",1
"EST","GRS",2000,"FP_PTL",1
"EST","GRS",2000,"EA_PTL",1
"EST","GRS",2010,"FP_SOC",1
"EST","GRS",2010,"EA_SOC",1
"EST","GRS",2010,"FP_PTL",1
"EST","GRS",2010,"EA_PTL",1
"EST","GRS",2020,"FP_SOC",1
"EST","GRS",2020,"EA_SOC",1
"EST","GRS",2020,"FP_PTL",1
"EST","GRS",2020,"EA_PTL",1
"EST","GRS",2030,"FP_SOC",1
"EST","GRS",2030,"EA_SOC",1
"EST","GRS",2030,"FP_PTL",1
"EST","GRS",2030,"EA_PTL",1
"EST","GRS",2040,"FP_SOC",1.00003982069647
"EST","GRS",2040,"EA_SOC",1.00012291036041
"EST","GRS",2040,"FP_PTL",1.00003282407932
"EST","GRS",2040,"EA_PTL",0.999896919693444
"EST","GRS",2050,"FP_SOC",0.999719095940805
"EST","GRS",2050,"EA_SOC",1.00202875329187
"EST","GRS",2050,"FP_PTL",1.0000946341631
"EST","GRS",2050,"EA_PTL",0.999810214975942
"EST","CRP",2000,"FP_SOC",1
"EST","CRP",2000,"EA_SOC",1
"EST","CRP",2000,"FP_PTL",1
"EST","CRP",2000,"EA_PTL",1
"EST","CRP",2010,"FP_SOC",1
"EST","CRP",2010,"EA_SOC",1
"EST","CRP",2010,"FP_PTL",1
"EST","CRP",2010,"EA_PTL",1
"EST","CRP",2020,"FP_SOC",1
"EST","CRP",2020,"EA_SOC",1
"EST","CRP",2020,"FP_PTL",1
"EST","CRP",2020,"EA_PTL",1
"EST","CRP",2030,"FP_SOC",1.00040346828253
"EST","CRP",2030,"EA_SOC",1.01804636448416
"EST","CRP",2030,"FP_PTL",0.99952499835493
"EST","CRP",2030,"EA_PTL",1.00036846965624
"EST","CRP",2040,"FP_SOC",0.997399813889036
"EST","CRP",2040,"EA_SOC",0.999143434128
"EST","CRP",2040,"FP_PTL",1.00005909570968
"EST","CRP",2040,"EA_PTL",0.999438264799419
"EST","CRP",2050,"FP_SOC",1
"EST","CRP",2050,"EA_SOC",1
"EST","CRP",2050,"FP_PTL",1
"EST","CRP",2050,"EA_PTL",1
"FIN","GRS",2000,"FP_SOC",1
"FIN","GRS",2000,"EA_SOC",1
"FIN","GRS",2000,"FP_PTL",1
"FIN","GRS",2000,"EA_PTL",1
"FIN","GRS",2010,"FP_SOC",1
"FIN","GRS",2010,"EA_SOC",1
"FIN","GRS",2010,"FP_PTL",1
"FIN","GRS",2010,"EA_PTL",1
"FIN","GRS",2020,"FP_SOC",1
"FIN","GRS",2020,"EA_SOC",1
"FIN","GRS",2020,"FP_PTL",1
"FIN","GRS",2020,"EA_PTL",1
"FIN","GRS",2030,"FP_SOC",1.00026311521258
"FIN","GRS",2030,"EA_SOC",0.968304918215944
"FIN","GRS",2030,"FP_PTL",0.999987169692704
"FIN","GRS",2030,"EA_PTL",1.00951085417347
"FIN","GRS",2040,"FP_SOC",0.999974562725943
"FIN","GRS",2040,"EA_SOC",0.964380046588579
"FIN","GRS",2040,"FP_PTL",0.999322279606973
"FIN","GRS",2040,"EA_PTL",1.01579913446687
"FIN","GRS",2050,"FP_SOC",0.999955222925363
"FIN","GRS",2050,"EA_SOC",0.962642200842023
"FIN","GRS",2050,"FP_PTL",0.999150896667702
"FIN","GRS",2050,"EA_PTL",1.02092834029104
"FIN","CRP",2000,"FP_SOC",1
"FIN","CRP",2000,"EA_SOC",1
"FIN","CRP",2000,"FP_PTL",1
"FIN","CRP",2000,"EA_PTL",1
"FIN","CRP",2010,"FP_SOC",1
"FIN","CRP",2010,"EA_SOC",1
"FIN","CRP",2010,"FP_PTL",1
"FIN","CRP",2010,"EA_PTL",1
"FIN","CRP",2020,"FP_SOC",1
"FIN","CRP",2020,"EA_SOC",1
"FIN","CRP",2020,"FP_PTL",1
"FIN","CRP",2020,"EA_PTL",1
"FIN","CRP",2030,"FP_SOC",1.00017695785752
"FIN","CRP",2030,"EA_SOC",0.968564814282703
"FIN","CRP",2030,"FP_PTL",0.969441991968099
"FIN","CRP",2030,"EA_PTL",1.02261212408191
"FIN","CRP",2040,"FP_SOC",1.00189727662833
"FIN","CRP",2040,"EA_SOC",0.99832347327687
"FIN","CRP",2040,"FP_PTL",0.988411665742558
"FIN","CRP",2040,"EA_PTL",1.02248758692101
"FIN","CRP",2050,"FP_SOC",0.996875205098229
"FIN","CRP",2050,"EA_SOC",0.98701632395241
"FIN","CRP",2050,"FP_PTL",0.986270187472811
"FIN","CRP",2050,"EA_PTL",1.01644106331997
"FRA","GRS",2000,"FP_SOC",1
"FRA","GRS",2000,"EA_SOC",1
"FRA","GRS",2000,"FP_PTL",1
"FRA","GRS",2000,"EA_PTL",1
"FRA","GRS",2010,"FP_SOC",1
"FRA","GRS",2010,"EA_SOC",1
"FRA","GRS",2010,"FP_PTL",1
"FRA","GRS",2010,"EA_PTL",1
"FRA","GRS",2020,"FP_SOC",1
"FRA","GRS",2020,"EA_SOC",1
"FRA","GRS",2020,"FP_PTL",1
"FRA","GRS",2020,"EA_PTL",1
"FRA","GRS",2030,"FP_SOC",0.994688873701814
"FRA","GRS",2030,"EA_SOC",0.970752323916691
"FRA","GRS",2030,"FP_PTL",1
"FRA","GRS",2030,"EA_PTL",1.00048138540065
"FRA","GRS",2040,"FP_SOC",0.994988462791985
"FRA","GRS",2040,"EA_SOC",0.952682514771534
"FRA","GRS",2040,"FP_PTL",0.999998115876842
"FRA","GRS",2040,"EA_PTL",1.00042429617985
"FRA","GRS",2050,"FP_SOC",0.99426413484726
"FRA","GRS",2050,"EA_SOC",0.946682264382914
"FRA","GRS",2050,"FP_PTL",0.999507167941891
"FRA","GRS",2050,"EA_PTL",1.00208352818187
"FRA","CRP",2000,"FP_SOC",1
"FRA","CRP",2000,"EA_SOC",1
"FRA","CRP",2000,"FP_PTL",1
"FRA","CRP",2000,"EA_PTL",1
"FRA","CRP",2010,"FP_SOC",1
"FRA","CRP",2010,"EA_SOC",1
"FRA","CRP",2010,"FP_PTL",1
"FRA","CRP",2010,"EA_PTL",1
"FRA","CRP",2020,"FP_SOC",1
"FRA","CRP",2020,"EA_SOC",1
"FRA","CRP",2020,"FP_PTL",1
"FRA","CRP",2020,"EA_PTL",1
"FRA","CRP",2030,"FP_SOC",1.01303001907336
"FRA","CRP",2030,"EA_SOC",1.0030681285836
"FRA","CRP",2030,"FP_PTL",0.999959497342608
"FRA","CRP",2030,"EA_PTL",1.00019916861028
"FRA","CRP",2040,"FP_SOC",1.01335836599984
"FRA","CRP",2040,"EA_SOC",1.00338789130328
"FRA","CRP",2040,"FP_PTL",1.00001338928502
"FRA","CRP",2040,"EA_PTL",0.998989182860212
"FRA","CRP",2050,"FP_SOC",1.0121558456723
"FRA","CRP",2050,"EA_SOC",1.00572150630621
"FRA","CRP",2050,"FP_PTL",1.00008547106845
"FRA","CRP",2050,"EA_PTL",0.998832246638282
"GRC","GRS",2000,"FP_SOC",1
"GRC","GRS",2000,"EA_SOC",1
"GRC","GRS",2000,"FP_PTL",1
"GRC","GRS",2000,"EA_PTL",1
"GRC","GRS",2010,"FP_SOC",1
"GRC","GRS",2010,"EA_SOC",1
"GRC","GRS",2010,"FP_PTL",1
"GRC","GRS",2010,"EA_PTL",1
"GRC","GRS",2020,"FP_SOC",1
"GRC","GRS",2020,"EA_SOC",1
"GRC","GRS",2020,"FP_PTL",1
"GRC","GRS",2020,"EA_PTL",1
"GRC","GRS",2030,"FP_SOC",1.0000321863752
"GRC","GRS",2030,"EA_SOC",0.999599602117429
"GRC","GRS",2030,"FP_PTL",1
"GRC","GRS",2030,"EA_PTL",1
"GRC","GRS",2040,"FP_SOC",1.00001681588217
"GRC","GRS",2040,"EA_SOC",0.930635831141341
"GRC","GRS",2040,"FP_PTL",1
"GRC","GRS",2040,"EA_PTL",1.00000314752539
"GRC","GRS",2050,"FP_SOC",0.999975517346171
"GRC","GRS",2050,"EA_SOC",0.867087685126101
"GRC","GRS",2050,"FP_PTL",1.00000030899373
"GRC","GRS",2050,"EA_PTL",0.999841039621798
"GRC","CRP",2000,"FP_SOC",1
"GRC","CRP",2000,"EA_SOC",1
"GRC","CRP",2000,"FP_PTL",1
"GRC","CRP",2000,"EA_PTL",1
"GRC","CRP",2010,"FP_SOC",1
"GRC","CRP",2010,"EA_SOC",1
"GRC","CRP",2010,"FP_PTL",1
"GRC","CRP",2010,"EA_PTL",1
"GRC","CRP",2020,"FP_SOC",1
"GRC","CRP",2020,"EA_SOC",1
"GRC","CRP",2020,"FP_PTL",1
"GRC","CRP",2020,"EA_PTL",1
"GRC","CRP",2030,"FP_SOC",1.00337993898187
"GRC","CRP",2030,"EA_SOC",1.00078637147545
"GRC","CRP",2030,"FP_PTL",1.00014651529871
"GRC","CRP",2030,"EA_PTL",1.00129143996279
"GRC","CRP",2040,"FP_SOC",1.00366313964505
"GRC","CRP",2040,"EA_SOC",1.0008491253104
"GRC","CRP",2040,"FP_PTL",1.00015453236959
"GRC","CRP",2040,"EA_PTL",1.00199280957353
"GRC","CRP",2050,"FP_SOC",1.00181854009041
"GRC","CRP",2050,"EA_SOC",0.997383715026962
"GRC","CRP",2050,"FP_PTL",1.00028790053682
"GRC","CRP",2050,"EA_PTL",1.00260994463576
"HRV","GRS",2000,"FP_SOC",1
"HRV","GRS",2000,"EA_SOC",1
"HRV","GRS",2000,"FP_PTL",1
"HRV","GRS",2000,"EA_PTL",1
"HRV","GRS",2010,"FP_SOC",1
"HRV","GRS",2010,"EA_SOC",1
"HRV","GRS",2010,"FP_PTL",1
"HRV","GRS",2010,"EA_PTL",1
"HRV","GRS",2020,"FP_SOC",1
"HRV","GRS",2020,"EA_SOC",1
"HRV","GRS",2020,"FP_PTL",1
"HRV","GRS",2020,"EA_PTL",1
"HRV","GRS",2030,"FP_SOC",1.00000716090988
"HRV","GRS",2030,"EA_SOC",0.931301960831034
"HRV","GRS",2030,"FP_PTL",0.999946852982623
"HRV","GRS",2030,"EA_PTL",1.00012951818837
"HRV","GRS",2040,"FP_SOC",1.00020979933792
"HRV","GRS",2040,"EA_SOC",0.956269431254998
"HRV","GRS",2040,"FP_PTL",0.99963245295917
"HRV","GRS",2040,"EA_PTL",1.00001703940947
"HRV","GRS",2050,"FP_SOC",1.00304064881553
"HRV","GRS",2050,"EA_SOC",0.940211637572897
"HRV","GRS",2050,"FP_PTL",0.999789243488821
"HRV","GRS",2050,"EA_PTL",0.999954116196949
"HRV","CRP",2000,"FP_SOC",1
"HRV","CRP",2000,"EA_SOC",1
"HRV","CRP",2000,"FP_PTL",1
"HRV","CRP",2000,"EA_PTL",1
"HRV","CRP",2010,"FP_SOC",1
"HRV","CRP",2010,"EA_SOC",1
"HRV","CRP",2010,"FP_PTL",1
"HRV","CRP",2010,"EA_PTL",1
"HRV","CRP",2020,"FP_SOC",1
"HRV","CRP",2020,"EA_SOC",1
"HRV","CRP",2020,"FP_PTL",1
"HRV","CRP",2020,"EA_PTL",1
"HRV","CRP",2030,"FP_SOC",1.00326396560086
"HRV","CRP",2030,"EA_SOC",1.00215918086336
"HRV","CRP",2030,"FP_PTL",1.00026890385947
"HRV","CRP",2030,"EA_PTL",0.999984672046334
"HRV","CRP",2040,"FP_SOC",1.00247451595962
"HRV","CRP",2040,"EA_SOC",1.00152577195801
"HRV","CRP",2040,"FP_PTL",1.00010048914903
"HRV","CRP",2040,"EA_PTL",0.999993711072794
"HRV","CRP",2050,"FP_SOC",1.0024677764832
"HRV","CRP",2050,"EA_SOC",1.00403948046051
"HRV","CRP",2050,"FP_PTL",0.999756791154034
"HRV","CRP",2050,"EA_PTL",0.999500296470115
"HUN","GRS",2000,"FP_SOC",1
"HUN","GRS",2000,"EA_SOC",1
"HUN","GRS",2000,"FP_PTL",1
"HUN","GRS",2000,"EA_PTL",1
"HUN","GRS",2010,"FP_SOC",1
"HUN","GRS",2010,"EA_SOC",1
"HUN","GRS",2010,"FP_PTL",1
"HUN","GRS",2010,"EA_PTL",1
"HUN","GRS",2020,"FP_SOC",1
"HUN","GRS",2020,"EA_SOC",1
"HUN","GRS",2020,"FP_PTL",1
"HUN","GRS",2020,"EA_PTL",1
"HUN","GRS",2030,"FP_SOC",1.06504796926669
"HUN","GRS",2030,"EA_SOC",0.970615971156858
"HUN","GRS",2030,"FP_PTL",1
"HUN","GRS",2030,"EA_PTL",1
"HUN","GRS",2040,"FP_SOC",1.08169645343258
"HUN","GRS",2040,"EA_SOC",0.903065172571461
"HUN","GRS",2040,"FP_PTL",0.999992421432057
"HUN","GRS",2040,"EA_PTL",1
"HUN","GRS",2050,"FP_SOC",1.08968129773593
"HUN","GRS",2050,"EA_SOC",0.828200260646442
"HUN","GRS",2050,"FP_PTL",0.999989951270899
"HUN","GRS",2050,"EA_PTL",1.00001948469272
"HUN","CRP",2000,"FP_SOC",1
"HUN","CRP",2000,"EA_SOC",1
"HUN","CRP",2000,"FP_PTL",1
"HUN","CRP",2000,"EA_PTL",1
"HUN","CRP",2010,"FP_SOC",1
"HUN","CRP",2010,"EA_SOC",1
"HUN","CRP",2010,"FP_PTL",1
"HUN","CRP",2010,"EA_PTL",1
"HUN","CRP",2020,"FP_SOC",1
"HUN","CRP",2020,"EA_SOC",1
"HUN","CRP",2020,"FP_PTL",1
"HUN","CRP",2020,"EA_PTL",1
"HUN","CRP",2030,"FP_SOC",0.987016123882803
"HUN","CRP",2030,"EA_SOC",0.991895020657242
"HUN","CRP",2030,"FP_PTL",0.999988064239204
"HUN","CRP",2030,"EA_PTL",1.00042505658854
"HUN","CRP",2040,"FP_SOC",0.993209011809507
"HUN","CRP",2040,"EA_SOC",0.988241007496975
"HUN","CRP",2040,"FP_PTL",1.00040702661513
"HUN","CRP",2040,"EA_PTL",0.999522215778216
"HUN","CRP",2050,"FP_SOC",0.982589288958331
"HUN","CRP",2050,"EA_SOC",0.977438956070942
"HUN","CRP",2050,"FP_PTL",0.999927625816502
"HUN","CRP",2050,"EA_PTL",0.999974067397929
"IRL","GRS",2000,"FP_SOC",1
"IRL","GRS",2000,"EA_SOC",1
"IRL","GRS",2000,"FP_PTL",1
"IRL","GRS",2000,"EA_PTL",1
"IRL","GRS",2010,"FP_SOC",1
"IRL","GRS",2010,"EA_SOC",1
"IRL","GRS",2010,"FP_PTL",1
"IRL","GRS",2010,"EA_PTL",1
"IRL","GRS",2020,"FP_SOC",1
"IRL","GRS",2020,"EA_SOC",1
"IRL","GRS",2020,"FP_PTL",1
"IRL","GRS",2020,"EA_PTL",1
"IRL","GRS",2030,"FP_SOC",1.00021519574438
"IRL","GRS",2030,"EA_SOC",0.910334091949761
"IRL","GRS",2030,"FP_PTL",1.00000033136536
"IRL","GRS",2030,"EA_PTL",1.00024505308668
"IRL","GRS",2040,"FP_SOC",1.00013018375091
"IRL","GRS",2040,"EA_SOC",0.857049534437479
"IRL","GRS",2040,"FP_PTL",0.999981754910761
"IRL","GRS",2040,"EA_PTL",0.999997583215874
"IRL","GRS",2050,"FP_SOC",0.999376740554206
"IRL","GRS",2050,"EA_SOC",0.800340598070089
"IRL","GRS",2050,"FP_PTL",0.999932582427622
"IRL","GRS",2050,"EA_PTL",0.999552526937357
"IRL","CRP",2000,"FP_SOC",1
"IRL","CRP",2000,"EA_SOC",1
"IRL","CRP",2000,"FP_PTL",1
"IRL","CRP",2000,"EA_PTL",1
"IRL","CRP",2010,"FP_SOC",1
"IRL","CRP",2010,"EA_SOC",1
"IRL","CRP",2010,"FP_PTL",1
"IRL","CRP",2010,"EA_PTL",1
"IRL","CRP",2020,"FP_SOC",1
"IRL","CRP",2020,"EA_SOC",1
"IRL","CRP",2020,"FP_PTL",1
"IRL","CRP",2020,"EA_PTL",1
"IRL","CRP",2030,"FP_SOC",1.0036222645584
"IRL","CRP",2030,"EA_SOC",1.02270723154265
"IRL","CRP",2030,"FP_PTL",1
"IRL","CRP",2030,"EA_PTL",1.00001074565058
"IRL","CRP",2040,"FP_SOC",1.00683310588987
"IRL","CRP",2040,"EA_SOC",1.02176341403538
"IRL","CRP",2040,"FP_PTL",1.00011129001815
"IRL","CRP",2040,"EA_PTL",1.00005975813117
"IRL","CRP",2050,"FP_SOC",0.988197355004735
"IRL","CRP",2050,"EA_SOC",1.01160206908363
"IRL","CRP",2050,"FP_PTL",0.999163459716493
"IRL","CRP",2050,"EA_PTL",1.00020578673689
"ITA","GRS",2000,"FP_SOC",1
"ITA","GRS",2000,"EA_SOC",1
"ITA","GRS",2000,"FP_PTL",1
"ITA","GRS",2000,"EA_PTL",1
"ITA","GRS",2010,"FP_SOC",1
"ITA","GRS",2010,"EA_SOC",1
"ITA","GRS",2010,"FP_PTL",1
"ITA","GRS",2010,"EA_PTL",1
"ITA","GRS",2020,"FP_SOC",1
"ITA","GRS",2020,"EA_SOC",1
"ITA","GRS",2020,"FP_PTL",1
"ITA","GRS",2020,"EA_PTL",1
"ITA","GRS",2030,"FP_SOC",1.00515331100124
"ITA","GRS",2030,"EA_SOC",0.938619916874196
"ITA","GRS",2030,"FP_PTL",1.00082298247993
"ITA","GRS",2030,"EA_PTL",0.999542636078072
"ITA","GRS",2040,"FP_SOC",1.00671991084193
"ITA","GRS",2040,"EA_SOC",0.923792119789355
"ITA","GRS",2040,"FP_PTL",1.00057020571304
"ITA","GRS",2040,"EA_PTL",0.999468974972782
"ITA","GRS",2050,"FP_SOC",1.01595298728214
"ITA","GRS",2050,"EA_SOC",0.94483804187611
"ITA","GRS",2050,"FP_PTL",1.00060715560825
"ITA","GRS",2050,"EA_PTL",1.00204107873488
"ITA","CRP",2000,"FP_SOC",1
"ITA","CRP",2000,"EA_SOC",1
"ITA","CRP",2000,"FP_PTL",1
"ITA","CRP",2000,"EA_PTL",1
"ITA","CRP",2010,"FP_SOC",1
"ITA","CRP",2010,"EA_SOC",1
"ITA","CRP",2010,"FP_PTL",1
"ITA","CRP",2010,"EA_PTL",1
"ITA","CRP",2020,"FP_SOC",1
"ITA","CRP",2020,"EA_SOC",1
"ITA","CRP",2020,"FP_PTL",1
"ITA","CRP",2020,"EA_PTL",1
"ITA","CRP",2030,"FP_SOC",0.985684046417639
"ITA","CRP",2030,"EA_SOC",0.981786891983668
"ITA","CRP",2030,"FP_PTL",1.00001869204494
"ITA","CRP",2030,"EA_PTL",0.999739972179386
"ITA","CRP",2040,"FP_SOC",0.994620104962199
"ITA","CRP",2040,"EA_SOC",0.999773983293583
"ITA","CRP",2040,"FP_PTL",0.999999751779175
"ITA","CRP",2040,"EA_PTL",0.999810140182016
"ITA","CRP",2050,"FP_SOC",0.990771514177132
"ITA","CRP",2050,"EA_SOC",0.995794070416837
"ITA","CRP",2050,"FP_PTL",1.00010140917195
"ITA","CRP",2050,"EA_PTL",0.999975271524889
"LTU","GRS",2000,"FP_SOC",1
"LTU","GRS",2000,"EA_SOC",1
"LTU","GRS",2000,"FP_PTL",1
"LTU","GRS",2000,"EA_PTL",1
"LTU","GRS",2010,"FP_SOC",1
"LTU","GRS",2010,"EA_SOC",1
"LTU","GRS",2010,"FP_PTL",1
"LTU","GRS",2010,"EA_PTL",1
"LTU","GRS",2020,"FP_SOC",1
"LTU","GRS",2020,"EA_SOC",1
"LTU","GRS",2020,"FP_PTL",1
"LTU","GRS",2020,"EA_PTL",1
"LTU","GRS",2030,"FP_SOC",1
"LTU","GRS",2030,"EA_SOC",1
"LTU","GRS",2030,"FP_PTL",1.00118929832842
"LTU","GRS",2030,"EA_PTL",1
"LTU","GRS",2040,"FP_SOC",1.00001237905183
"LTU","GRS",2040,"EA_SOC",1.00426769187327
"LTU","GRS",2040,"FP_PTL",0.99926643984774
"LTU","GRS",2040,"EA_PTL",0.999959976055417
"LTU","GRS",2050,"FP_SOC",0.999818198392217
"LTU","GRS",2050,"EA_SOC",1.00256341844069
"LTU","GRS",2050,"FP_PTL",0.998870165876351
"LTU","GRS",2050,"EA_PTL",1.00003788604453
"LTU","CRP",2000,"FP_SOC",1
"LTU","CRP",2000,"EA_SOC",1
"LTU","CRP",2000,"FP_PTL",1
"LTU","CRP",2000,"EA_PTL",1
"LTU","CRP",2010,"FP_SOC",1
"LTU","CRP",2010,"EA_SOC",1
"LTU","CRP",2010,"FP_PTL",1
"LTU","CRP",2010,"EA_PTL",1
"LTU","CRP",2020,"FP_SOC",1
"LTU","CRP",2020,"EA_SOC",1
"LTU","CRP",2020,"FP_PTL",1
"LTU","CRP",2020,"EA_PTL",1
"LTU","CRP",2030,"FP_SOC",0.998041802384879
"LTU","CRP",2030,"EA_SOC",0.998685171916196
"LTU","CRP",2030,"FP_PTL",1.00008537533569
"LTU","CRP",2030,"EA_PTL",0.999965113062261
"LTU","CRP",2040,"FP_SOC",0.994870018411233
"LTU","CRP",2040,"EA_SOC",0.996055044554366
"LTU","CRP",2040,"FP_PTL",0.99990590799955
"LTU","CRP",2040,"EA_PTL",0.999854477109623
"LTU","CRP",2050,"FP_SOC",0.995810230907959
"LTU","CRP",2050,"EA_SOC",1.00067291301398
"LTU","CRP",2050,"FP_PTL",0.999999349871217
"LTU","CRP",2050,"EA_PTL",1.00123553820198
"LUX","CRP",2000,"FP_SOC",1
"LUX","CRP",2000,"EA_SOC",1
"LUX","CRP",2000,"FP_PTL",1
"LUX","CRP",2000,"EA_PTL",1
"LUX","CRP",2010,"FP_SOC",1
"LUX","CRP",2010,"EA_SOC",1
"LUX","CRP",2010,"FP_PTL",1
"LUX","CRP",2010,"EA_PTL",1
"LUX","CRP",2020,"FP_SOC",1
"LUX","CRP",2020,"EA_SOC",1
"LUX","CRP",2020,"FP_PTL",1
"LUX","CRP",2020,"EA_PTL",1
"LUX","CRP",2030,"FP_SOC",1.00660018168789
"LUX","CRP",2030,"EA_SOC",1.01452994427081
"LUX","CRP",2030,"FP_PTL",1
"LUX","CRP",2030,"EA_PTL",0.999924311015381
"LUX","CRP",2040,"FP_SOC",1.00531711894909
"LUX","CRP",2040,"EA_SOC",1.00242916017306
"LUX","CRP",2040,"FP_PTL",1
"LUX","CRP",2040,"EA_PTL",0.998435761878897
"LUX","CRP",2050,"FP_SOC",1.00542884744419
"LUX","CRP",2050,"EA_SOC",1.00487110953468
"LUX","CRP",2050,"FP_PTL",1
"LUX","CRP",2050,"EA_PTL",1.00007232705095
"LVA","GRS",2000,"FP_SOC",1
"LVA","GRS",2000,"EA_SOC",1
"LVA","GRS",2000,"FP_PTL",1
"LVA","GRS",2000,"EA_PTL",1
"LVA","GRS",2010,"FP_SOC",1
"LVA","GRS",2010,"EA_SOC",1
"LVA","GRS",2010,"FP_PTL",1
"LVA","GRS",2010,"EA_PTL",1
"LVA","GRS",2020,"FP_SOC",1
"LVA","GRS",2020,"EA_SOC",1
"LVA","GRS",2020,"FP_PTL",1
"LVA","GRS",2020,"EA_PTL",1
"LVA","GRS",2030,"FP_SOC",0.998752719678653
"LVA","GRS",2030,"EA_SOC",0.999937158613691
"LVA","GRS",2030,"FP_PTL",1
"LVA","GRS",2030,"EA_PTL",1
"LVA","GRS",2040,"FP_SOC",0.996820111132143
"LVA","GRS",2040,"EA_SOC",1.00947415140198
"LVA","GRS",2040,"FP_PTL",1
"LVA","GRS",2040,"EA_PTL",1
"LVA","GRS",2050,"FP_SOC",0.999927095008139
"LVA","GRS",2050,"EA_SOC",1.00315371450691
"LVA","GRS",2050,"FP_PTL",1
"LVA","GRS",2050,"EA_PTL",0.999816168430825
"LVA","CRP",2000,"FP_SOC",1
"LVA","CRP",2000,"EA_SOC",1
"LVA","CRP",2000,"FP_PTL",1
"LVA","CRP",2000,"EA_PTL",1
"LVA","CRP",2010,"FP_SOC",1
"LVA","CRP",2010,"EA_SOC",1
"LVA","CRP",2010,"FP_PTL",1
"LVA","CRP",2010,"EA_PTL",1
"LVA","CRP",2020,"FP_SOC",1
"LVA","CRP",2020,"EA_SOC",1
"LVA","CRP",2020,"FP_PTL",1
"LVA","CRP",2020,"EA_PTL",1
"LVA","CRP",2030,"FP_SOC",1.00024352275223
"LVA","CRP",2030,"EA_SOC",1.00024352275223
"LVA","CRP",2030,"FP_PTL",0.997670335075845
"LVA","CRP",2030,"EA_PTL",1.00547868835906
"LVA","CRP",2040,"FP_SOC",1.00019904644601
"LVA","CRP",2040,"EA_SOC",1.00030082734057
"LVA","CRP",2040,"FP_PTL",0.998089734238416
"LVA","CRP",2040,"EA_PTL",1.02173007715427
"LVA","CRP",2050,"FP_SOC",1.00840974651821
"LVA","CRP",2050,"EA_SOC",1.01161578161966
"LVA","CRP",2050,"FP_PTL",0.993729574445594
"LVA","CRP",2050,"EA_PTL",1.10835810932331
"MLT","CRP",2000,"FP_SOC",1
"MLT","CRP",2000,"EA_SOC",1
"MLT","CRP",2000,"FP_PTL",1
"MLT","CRP",2000,"EA_PTL",1
"MLT","CRP",2010,"FP_SOC",1
"MLT","CRP",2010,"EA_SOC",1
"MLT","CRP",2010,"FP_PTL",1
"MLT","CRP",2010,"EA_PTL",1
"MLT","CRP",2020,"FP_SOC",1
"MLT","CRP",2020,"EA_SOC",1
"MLT","CRP",2020,"FP_PTL",1
"MLT","CRP",2020,"EA_PTL",1
"MLT","CRP",2030,"FP_SOC",1.00198758174123
"MLT","CRP",2030,"EA_SOC",1.00064460231059
"MLT","CRP",2030,"FP_PTL",1
"MLT","CRP",2030,"EA_PTL",1
"MLT","CRP",2040,"FP_SOC",1.00184089153445
"MLT","CRP",2040,"EA_SOC",1.00057939010938
"MLT","CRP",2040,"FP_PTL",1
"MLT","CRP",2040,"EA_PTL",1
"MLT","CRP",2050,"FP_SOC",1.00169585540709
"MLT","CRP",2050,"EA_SOC",1.00054970063093
"MLT","CRP",2050,"FP_PTL",1
"MLT","CRP",2050,"EA_PTL",1.0000014040886
"NLD","GRS",2000,"FP_SOC",1
"NLD","GRS",2000,"EA_SOC",1
"NLD","GRS",2000,"FP_PTL",1
"NLD","GRS",2000,"EA_PTL",1
"NLD","GRS",2010,"FP_SOC",1
"NLD","GRS",2010,"EA_SOC",1
"NLD","GRS",2010,"FP_PTL",1
"NLD","GRS",2010,"EA_PTL",1
"NLD","GRS",2020,"FP_SOC",1
"NLD","GRS",2020,"EA_SOC",1
"NLD","GRS",2020,"FP_PTL",1
"NLD","GRS",2020,"EA_PTL",1
"NLD","GRS",2030,"FP_SOC",1
"NLD","GRS",2030,"EA_SOC",1
"NLD","GRS",2030,"FP_PTL",1
"NLD","GRS",2030,"EA_PTL",1
"NLD","GRS",2040,"FP_SOC",0.999914450410409
"NLD","GRS",2040,"EA_SOC",1.00009105646009
"NLD","GRS",2040,"FP_PTL",1.0000435817516
"NLD","GRS",2040,"EA_PTL",0.999226527184568
"NLD","GRS",2050,"FP_SOC",0.9993654156717
"NLD","GRS",2050,"EA_SOC",0.9944117238122
"NLD","GRS",2050,"FP_PTL",1.000075539218
"NLD","GRS",2050,"EA_PTL",0.998472524611112
"NLD","CRP",2000,"FP_SOC",1
"NLD","CRP",2000,"EA_SOC",1
"NLD","CRP",2000,"FP_PTL",1
"NLD","CRP",2000,"EA_PTL",1
"NLD","CRP",2010,"FP_SOC",1
"NLD","CRP",2010,"EA_SOC",1
"NLD","CRP",2010,"FP_PTL",1
"NLD","CRP",2010,"EA_PTL",1
"NLD","CRP",2020,"FP_SOC",1
"NLD","CRP",2020,"EA_SOC",1
"NLD","CRP",2020,"FP_PTL",1
"NLD","CRP",2020,"EA_PTL",1
"NLD","CRP",2030,"FP_SOC",0.999989001161912
"NLD","CRP",2030,"EA_SOC",0.987100478774546
"NLD","CRP",2030,"FP_PTL",0.999947026011422
"NLD","CRP",2030,"EA_PTL",1.00003751121265
"NLD","CRP",2040,"FP_SOC",1.00131270702398
"NLD","CRP",2040,"EA_SOC",0.979913723205692
"NLD","CRP",2040,"FP_PTL",1.00001484985454
"NLD","CRP",2040,"EA_PTL",0.994388771451895
"NLD","CRP",2050,"FP_SOC",1.00797539407081
"NLD","CRP",2050,"EA_SOC",0.997015663544203
"NLD","CRP",2050,"FP_PTL",1.00107023025575
"NLD","CRP",2050,"EA_PTL",0.988476518817607
"POL","GRS",2000,"FP_SOC",1
"POL","GRS",2000,"EA_SOC",1
"POL","GRS",2000,"FP_PTL",1
"POL","GRS",2000,"EA_PTL",1
"POL","GRS",2010,"FP_SOC",1
"POL","GRS",2010,"EA_SOC",1
"POL","GRS",2010,"FP_PTL",1
"POL","GRS",2010,"EA_PTL",1
"POL","GRS",2020,"FP_SOC",1
"POL","GRS",2020,"EA_SOC",1
"POL","GRS",2020,"FP_PTL",1
"POL","GRS",2020,"EA_PTL",1
"POL","GRS",2030,"FP_SOC",1.00059918859102
"POL","GRS",2030,"EA_SOC",0.929786222380552
"POL","GRS",2030,"FP_PTL",1.00076072749917
"POL","GRS",2030,"EA_PTL",0.999611266478162
"POL","GRS",2040,"FP_SOC",1.04999393623746
"POL","GRS",2040,"EA_SOC",0.979523560456014
"POL","GRS",2040,"FP_PTL",0.999835444136384
"POL","GRS",2040,"EA_PTL",1.0067204537552
"POL","GRS",2050,"FP_SOC",1.03905607886896
"POL","GRS",2050,"EA_SOC",0.939660585660224
"POL","GRS",2050,"FP_PTL",0.999722405378758
"POL","GRS",2050,"EA_PTL",1.00051058596562
"POL","CRP",2000,"FP_SOC",1
"POL","CRP",2000,"EA_SOC",1
"POL","CRP",2000,"FP_PTL",1
"POL","CRP",2000,"EA_PTL",1
"POL","CRP",2010,"FP_SOC",1
"POL","CRP",2010,"EA_SOC",1
"POL","CRP",2010,"FP_PTL",1
"POL","CRP",2010,"EA_PTL",1
"POL","CRP",2020,"FP_SOC",1
"POL","CRP",2020,"EA_SOC",1
"POL","CRP",2020,"FP_PTL",1
"POL","CRP",2020,"EA_PTL",1
"POL","CRP",2030,"FP_SOC",1.00025375408847
"POL","CRP",2030,"EA_SOC",1.00088134232578
"POL","CRP",2030,"FP_PTL",0.999611151048006
"POL","CRP",2030,"EA_PTL",1.00240827569741
"POL","CRP",2040,"FP_SOC",0.997557248711277
"POL","CRP",2040,"EA_SOC",0.997659833989568
"POL","CRP",2040,"FP_PTL",0.998632827257665
"POL","CRP",2040,"EA_PTL",0.999904065527365
"POL","CRP",2050,"FP_SOC",0.998155098090482
"POL","CRP",2050,"EA_SOC",0.999619804963619
"POL","CRP",2050,"FP_PTL",0.99876006272497
"POL","CRP",2050,"EA_PTL",1.00027378641027
"PRT","GRS",2000,"FP_SOC",1
"PRT","GRS",2000,"EA_SOC",1
"PRT","GRS",2000,"FP_PTL",1
"PRT","GRS",2000,"EA_PTL",1
"PRT","GRS",2010,"FP_SOC",1
"PRT","GRS",2010,"EA_SOC",1
"PRT","GRS",2010,"FP_PTL",1
"PRT","GRS",2010,"EA_PTL",1
"PRT","GRS",2020,"FP_SOC",1
"PRT","GRS",2020,"EA_SOC",1
"PRT","GRS",2020,"FP_PTL",1
"PRT","GRS",2020,"EA_PTL",1
"PRT","GRS",2030,"FP_SOC",1.00531110908859
"PRT","GRS",2030,"EA_SOC",0.973934405997782
"PRT","GRS",2030,"FP_PTL",1
"PRT","GRS",2030,"EA_PTL",1
"PRT","GRS",2040,"FP_SOC",1.03853251042184
"PRT","GRS",2040,"EA_SOC",0.990820194995441
"PRT","GRS",2040,"FP_PTL",1
"PRT","GRS",2040,"EA_PTL",0.999999470937973
"PRT","GRS",2050,"FP_SOC",1.1148828054419
"PRT","GRS",2050,"EA_SOC",0.824350830670971
"PRT","GRS",2050,"FP_PTL",0.999994962630557
"PRT","GRS",2050,"EA_PTL",1.00004600580358
"PRT","CRP",2000,"FP_SOC",1
"PRT","CRP",2000,"EA_SOC",1
"PRT","CRP",2000,"FP_PTL",1
"PRT","CRP",2000,"EA_PTL",1
"PRT","CRP",2010,"FP_SOC",1
"PRT","CRP",2010,"EA_SOC",1
"PRT","CRP",2010,"FP_PTL",1
"PRT","CRP",2010,"EA_PTL",1
"PRT","CRP",2020,"FP_SOC",1
"PRT","CRP",2020,"EA_SOC",1
"PRT","CRP",2020,"FP_PTL",1
"PRT","CRP",2020,"EA_PTL",1
"PRT","CRP",2030,"FP_SOC",1.0032309675174
"PRT","CRP",2030,"EA_SOC",1.00907468523675
"PRT","CRP",2030,"FP_PTL",0.999720693793898
"PRT","CRP",2030,"EA_PTL",0.998680150985452
"PRT","CRP",2040,"FP_SOC",1.00501789839728
"PRT","CRP",2040,"EA_SOC",1.00527931940319
"PRT","CRP",2040,"FP_PTL",0.999999952861694
"PRT","CRP",2040,"EA_PTL",1.00034585338214
"PRT","CRP",2050,"FP_SOC",1.00216047093503
"PRT","CRP",2050,"EA_SOC",1.00378013766847
"PRT","CRP",2050,"FP_PTL",0.999976912438248
"PRT","CRP",2050,"EA_PTL",1.00003643337903
"ROU","GRS",2000,"FP_SOC",1
"ROU","GRS",2000,"EA_SOC",1
"ROU","GRS",2000,"FP_PTL",1
"ROU","GRS",2000,"EA_PTL",1
"ROU","GRS",2010,"FP_SOC",1
"ROU","GRS",2010,"EA_SOC",1
"ROU","GRS",2010,"FP_PTL",1
"ROU","GRS",2010,"EA_PTL",1
"ROU","GRS",2020,"FP_SOC",1
"ROU","GRS",2020,"EA_SOC",1
"ROU","GRS",2020,"FP_PTL",1
"ROU","GRS",2020,"EA_PTL",1
"ROU","GRS",2030,"FP_SOC",1.01080601294376
"ROU","GRS",2030,"EA_SOC",0.985657687262725
"ROU","GRS",2030,"FP_PTL",0.999963595037061
"ROU","GRS",2030,"EA_PTL",1
"ROU","GRS",2040,"FP_SOC",1.00776043240999
"ROU","GRS",2040,"EA_SOC",0.984564319595628
"ROU","GRS",2040,"FP_PTL",0.999954289832834
"ROU","GRS",2040,"EA_PTL",0.999999987379321
"ROU","GRS",2050,"FP_SOC",1.0200273669335
"ROU","GRS",2050,"EA_SOC",0.986765794204342
"ROU","GRS",2050,"FP_PTL",1.00002049103969
"ROU","GRS",2050,"EA_PTL",0.999999125444619
"ROU","CRP",2000,"FP_SOC",1
"ROU","CRP",2000,"EA_SOC",1
"ROU","CRP",2000,"FP_PTL",1
"ROU","CRP",2000,"EA_PTL",1
"ROU","CRP",2010,"FP_SOC",1
"ROU","CRP",2010,"EA_SOC",1
"ROU","CRP",2010,"FP_PTL",1
"ROU","CRP",2010,"EA_PTL",1
"ROU","CRP",2020,"FP_SOC",1
"ROU","CRP",2020,"EA_SOC",1
"ROU","CRP",2020,"FP_PTL",1
"ROU","CRP",2020,"EA_PTL",1
"ROU","CRP",2030,"FP_SOC",0.998379158818652
"ROU","CRP",2030,"EA_SOC",1.00639717327348
"ROU","CRP",2030,"FP_PTL",1.00004133431624
"ROU","CRP",2030,"EA_PTL",1.0000187960993
"ROU","CRP",2040,"FP_SOC",0.996391767313094
"ROU","CRP",2040,"EA_SOC",1.00068496388762
"ROU","CRP",2040,"FP_PTL",1.00004099130328
"ROU","CRP",2040,"EA_PTL",1.00018876528812
"ROU","CRP",2050,"FP_SOC",0.998560050935015
"ROU","CRP",2050,"EA_SOC",0.999893372466528
"ROU","CRP",2050,"FP_PTL",1.00018764839661
"ROU","CRP",2050,"EA_PTL",1.00002952527297
"SVK","GRS",2000,"FP_SOC",1
"SVK","GRS",2000,"EA_SOC",1
"SVK","GRS",2000,"FP_PTL",1
"SVK","GRS",2000,"EA_PTL",1
"SVK","GRS",2010,"FP_SOC",1
"SVK","GRS",2010,"EA_SOC",1
"SVK","GRS",2010,"FP_PTL",1
"SVK","GRS",2010,"EA_PTL",1
"SVK","GRS",2020,"FP_SOC",1
"SVK","GRS",2020,"EA_SOC",1
"SVK","GRS",2020,"FP_PTL",1
"SVK","GRS",2020,"EA_PTL",1
"SVK","GRS",2030,"FP_SOC",0.999749056258366
"SVK","GRS",2030,"EA_SOC",0.994800449951981
"SVK","GRS",2030,"FP_PTL",1
"SVK","GRS",2030,"EA_PTL",1
"SVK","GRS",2040,"FP_SOC",1.00246814314308
"SVK","GRS",2040,"EA_SOC",0.987403585209264
"SVK","GRS",2040,"FP_PTL",1.00000180708092
"SVK","GRS",2040,"EA_PTL",1.00006943487341
"SVK","GRS",2050,"FP_SOC",1.00550381897399
"SVK","GRS",2050,"EA_SOC",0.995177800669322
"SVK","GRS",2050,"FP_PTL",1.00000628624308
"SVK","GRS",2050,"EA_PTL",1.00003401466948
"SVK","CRP",2000,"FP_SOC",1
"SVK","CRP",2000,"EA_SOC",1
"SVK","CRP",2000,"FP_PTL",1
"SVK","CRP",2000,"EA_PTL",1
"SVK","CRP",2010,"FP_SOC",1
"SVK","CRP",2010,"EA_SOC",1
"SVK","CRP",2010,"FP_PTL",1
"SVK","CRP",2010,"EA_PTL",1
"SVK","CRP",2020,"FP_SOC",1
"SVK","CRP",2020,"EA_SOC",1
"SVK","CRP",2020,"FP_PTL",1
"SVK","CRP",2020,"EA_PTL",1
"SVK","CRP",2030,"FP_SOC",1.00188198379344
"SVK","CRP",2030,"EA_SOC",1.00293362901459
"SVK","CRP",2030,"FP_PTL",0.999670574193025
"SVK","CRP",2030,"EA_PTL",1.00136290023606
"SVK","CRP",2040,"FP_SOC",1.00299839999476
"SVK","CRP",2040,"EA_SOC",1.01752335202878
"SVK","CRP",2040,"FP_PTL",1.00010184041833
"SVK","CRP",2040,"EA_PTL",1.00156311034284
"SVK","CRP",2050,"FP_SOC",1.01554255157099
"SVK","CRP",2050,"EA_SOC",1.02034557948472
"SVK","CRP",2050,"FP_PTL",1.00002475990617
"SVK","CRP",2050,"EA_PTL",1.00490388849829
"SVN","GRS",2000,"FP_SOC",1
"SVN","GRS",2000,"EA_SOC",1
"SVN","GRS",2000,"FP_PTL",1
"SVN","GRS",2000,"EA_PTL",1
"SVN","GRS",2010,"FP_SOC",1
"SVN","GRS",2010,"EA_SOC",1
"SVN","GRS",2010,"FP_PTL",1
"SVN","GRS",2010,"EA_PTL",1
"SVN","GRS",2020,"FP_SOC",1
"SVN","GRS",2020,"EA_SOC",1
"SVN","GRS",2020,"FP_PTL",1
"SVN","GRS",2020,"EA_PTL",1
"SVN","GRS",2030,"FP_SOC",1.03314358832968
"SVN","GRS",2030,"EA_SOC",0.971406834102404
"SVN","GRS",2030,"FP_PTL",0.998976899072111
"SVN","GRS",2030,"EA_PTL",1
"SVN","GRS",2040,"FP_SOC",1.03772539915421
"SVN","GRS",2040,"EA_SOC",0.907645090335981
"SVN","GRS",2040,"FP_PTL",0.999417296522401
"SVN","GRS",2040,"EA_PTL",0.999179388654149
"SVN","GRS",2050,"FP_SOC",1.03755070318732
"SVN","GRS",2050,"EA_SOC",0.842347421636313
"SVN","GRS",2050,"FP_PTL",0.998970514452514
"SVN","GRS",2050,"EA_PTL",0.999108641446019
"SVN","CRP",2000,"FP_SOC",1
"SVN","CRP",2000,"EA_SOC",1
"SVN","CRP",2000,"FP_PTL",1
"SVN","CRP",2000,"EA_PTL",1
"SVN","CRP",2010,"FP_SOC",1
"SVN","CRP",2010,"EA_SOC",1
"SVN","CRP",2010,"FP_PTL",1
"SVN","CRP",2010,"EA_PTL",1
"SVN","CRP",2020,"FP_SOC",1
"SVN","CRP",2020,"EA_SOC",1
"SVN","CRP",2020,"FP_PTL",1
"SVN","CRP",2020,"EA_PTL",1
"SVN","CRP",2030,"FP_SOC",1.00014659636521
"SVN","CRP",2030,"EA_SOC",1.00853387242866
"SVN","CRP",2030,"FP_PTL",1.00000543203378
"SVN","CRP",2030,"EA_PTL",1.00001294625651
"SVN","CRP",2040,"FP_SOC",0.925294082876512
"SVN","CRP",2040,"EA_SOC",1.12933897437088
"SVN","CRP",2040,"FP_PTL",1.00022738105295
"SVN","CRP",2040,"EA_PTL",0.996063205094281
"SVN","CRP",2050,"FP_SOC",0.984507768332445
"SVN","CRP",2050,"EA_SOC",1.06903463174289
"SVN","CRP",2050,"FP_PTL",1
"SVN","CRP",2050,"EA_PTL",1
"SWE","GRS",2000,"FP_SOC",1
"SWE","GRS",2000,"EA_SOC",1
"SWE","GRS",2000,"FP_PTL",1
"SWE","GRS",2000,"EA_PTL",1
"SWE","GRS",2010,"FP_SOC",1
"SWE","GRS",2010,"EA_SOC",1
"SWE","GRS",2010,"FP_PTL",1
"SWE","GRS",2010,"EA_PTL",1
"SWE","GRS",2020,"FP_SOC",1
"SWE","GRS",2020,"EA_SOC",1
"SWE","GRS",2020,"FP_PTL",1
"SWE","GRS",2020,"EA_PTL",1
"SWE","GRS",2030,"FP_SOC",1.00000055476513
"SWE","GRS",2030,"EA_SOC",0.983704478703114
"SWE","GRS",2030,"FP_PTL",1
"SWE","GRS",2030,"EA_PTL",0.996024050658819
"SWE","GRS",2040,"FP_SOC",1.00023678064323
"SWE","GRS",2040,"EA_SOC",0.978958878554163
"SWE","GRS",2040,"FP_PTL",1.00017180284732
"SWE","GRS",2040,"EA_PTL",0.998505834544123
"SWE","GRS",2050,"FP_SOC",1.00010120723915
"SWE","GRS",2050,"EA_SOC",0.976660414779151
"SWE","GRS",2050,"FP_PTL",1.00007306251357
"SWE","GRS",2050,"EA_PTL",0.998713476628784
"SWE","CRP",2000,"FP_SOC",1
"SWE","CRP",2000,"EA_SOC",1
"SWE","CRP",2000,"FP_PTL",1
"SWE","CRP",2000,"EA_PTL",1
"SWE","CRP",2010,"FP_SOC",1
"SWE","CRP",2010,"EA_SOC",1
"SWE","CRP",2010,"FP_PTL",1
"SWE","CRP",2010,"EA_PTL",1
"SWE","CRP",2020,"FP_SOC",1
"SWE","CRP",2020,"EA_SOC",1
"SWE","CRP",2020,"FP_PTL",1
"SWE","CRP",2020,"EA_PTL",1
"SWE","CRP",2030,"FP_SOC",1.00441991744037
"SWE","CRP",2030,"EA_SOC",0.997759710901313
"SWE","CRP",2030,"FP_PTL",0.996834203435463
"SWE","CRP",2030,"EA_PTL",0.998293712947362
"SWE","CRP",2040,"FP_SOC",1.00140627840873
"SWE","CRP",2040,"EA_SOC",0.953124975034987
"SWE","CRP",2040,"FP_PTL",0.979608581680695
"SWE","CRP",2040,"EA_PTL",1.01068259898632
"SWE","CRP",2050,"FP_SOC",1.00073071519192
"SWE","CRP",2050,"EA_SOC",0.809099668167067
"SWE","CRP",2050,"FP_PTL",0.959633054719859
"SWE","CRP",2050,"EA_PTL",1.00954278921369
"CHE","GRS",2000,"FP_SOC",1
"CHE","GRS",2000,"EA_SOC",1
"CHE","GRS",2000,"FP_PTL",1
"CHE","GRS",2000,"EA_PTL",1
"CHE","GRS",2010,"FP_SOC",1
"CHE","GRS",2010,"EA_SOC",1
"CHE","GRS",2010,"FP_PTL",1
"CHE","GRS",2010,"EA_PTL",1
"CHE","GRS",2020,"FP_SOC",1
"CHE","GRS",2020,"EA_SOC",1
"CHE","GRS",2020,"FP_PTL",1
"CHE","GRS",2020,"EA_PTL",1
"CHE","GRS",2030,"FP_SOC",1.00044708201896
"CHE","GRS",2030,"EA_SOC",0.788058060745418
"CHE","GRS",2030,"FP_PTL",1.00007606805899
"CHE","GRS",2030,"EA_PTL",1.00026557448077
"CHE","GRS",2040,"FP_SOC",1.00032121649825
"CHE","GRS",2040,"EA_SOC",0.659672571332313
"CHE","GRS",2040,"FP_PTL",1.00005655375306
"CHE","GRS",2040,"EA_PTL",1.00011776899519
"CHE","GRS",2050,"FP_SOC",1.0002649110164
"CHE","GRS",2050,"EA_SOC",0.641666864329503
"CHE","GRS",2050,"FP_PTL",1.00004825367785
"CHE","GRS",2050,"EA_PTL",1.00007850082712
"CHE","CRP",2000,"FP_SOC",1
"CHE","CRP",2000,"EA_SOC",1
"CHE","CRP",2000,"FP_PTL",1
"CHE","CRP",2000,"EA_PTL",1
"CHE","CRP",2010,"FP_SOC",1
"CHE","CRP",2010,"EA_SOC",1
"CHE","CRP",2010,"FP_PTL",1
"CHE","CRP",2010,"EA_PTL",1
"CHE","CRP",2020,"FP_SOC",1
"CHE","CRP",2020,"EA_SOC",1
"CHE","CRP",2020,"FP_PTL",1
"CHE","CRP",2020,"EA_PTL",1
"CHE","CRP",2030,"FP_SOC",1.00791165767015
"CHE","CRP",2030,"EA_SOC",1.01484877411925
"CHE","CRP",2030,"FP_PTL",1.00000034188564
"CHE","CRP",2030,"EA_PTL",1.00001145172435
"CHE","CRP",2040,"FP_SOC",1.00501551675881
"CHE","CRP",2040,"EA_SOC",1.01697252835321
"CHE","CRP",2040,"FP_PTL",0.999999817554235
"CHE","CRP",2040,"EA_PTL",1.0000086251903
"CHE","CRP",2050,"FP_SOC",1.00272201175387
"CHE","CRP",2050,"EA_SOC",1.01250682830557
"CHE","CRP",2050,"FP_PTL",1.00011446603126
"CHE","CRP",2050,"EA_PTL",0.999892210242536
"GBR","GRS",2000,"FP_SOC",1
"GBR","GRS",2000,"EA_SOC",1
"GBR","GRS",2000,"FP_PTL",1
"GBR","GRS",2000,"EA_PTL",1
"GBR","GRS",2010,"FP_SOC",1
"GBR","GRS",2010,"EA_SOC",1
"GBR","GRS",2010,"FP_PTL",1
"GBR","GRS",2010,"EA_PTL",1
"GBR","GRS",2020,"FP_SOC",1
"GBR","GRS",2020,"EA_SOC",1
"GBR","GRS",2020,"FP_PTL",1
"GBR","GRS",2020,"EA_PTL",1
"GBR","GRS",2030,"FP_SOC",1.00552188396909
"GBR","GRS",2030,"EA_SOC",0.900249029659248
"GBR","GRS",2030,"FP_PTL",1.00000185795957
"GBR","GRS",2030,"EA_PTL",1.00007385792471
"GBR","GRS",2040,"FP_SOC",1.00468463302343
"GBR","GRS",2040,"EA_SOC",0.874652809028426
"GBR","GRS",2040,"FP_PTL",1.00007802020904
"GBR","GRS",2040,"EA_PTL",1.00033461872579
"GBR","GRS",2050,"FP_SOC",1.00856521648861
"GBR","GRS",2050,"EA_SOC",0.860818724942489
"GBR","GRS",2050,"FP_PTL",1.00025889150142
"GBR","GRS",2050,"EA_PTL",1.00173777131781
"GBR","CRP",2000,"FP_SOC",1
"GBR","CRP",2000,"EA_SOC",1
"GBR","CRP",2000,"FP_PTL",1
"GBR","CRP",2000,"EA_PTL",1
"GBR","CRP",2010,"FP_SOC",1
"GBR","CRP",2010,"EA_SOC",1
"GBR","CRP",2010,"FP_PTL",1
"GBR","CRP",2010,"EA_PTL",1
"GBR","CRP",2020,"FP_SOC",1
"GBR","CRP",2020,"EA_SOC",1
"GBR","CRP",2020,"FP_PTL",1
"GBR","CRP",2020,"EA_PTL",1
"GBR","CRP",2030,"FP_SOC",1.00618259563137
"GBR","CRP",2030,"EA_SOC",1.01153544972313
"GBR","CRP",2030,"FP_PTL",0.999977758460913
"GBR","CRP",2030,"EA_PTL",0.999935463661292
"GBR","CRP",2040,"FP_SOC",1.00349454064519
"GBR","CRP",2040,"EA_SOC",1.00811146322453
"GBR","CRP",2040,"FP_PTL",0.999944835866412
"GBR","CRP",2040,"EA_PTL",0.999131584792339
"GBR","CRP",2050,"FP_SOC",1.00740603583058
"GBR","CRP",2050,"EA_SOC",1.00815389373037
"GBR","CRP",2050,"FP_PTL",0.999975199272816
"GBR","CRP",2050,"EA_PTL",0.998892760314762
"NOR","GRS",2000,"FP_SOC",1
"NOR","GRS",2000,"EA_SOC",1
"NOR","GRS",2000,"FP_PTL",1
"NOR","GRS",2000,"EA_PTL",1
"NOR","GRS",2010,"FP_SOC",1
"NOR","GRS",2010,"EA_SOC",1
"NOR","GRS",2010,"FP_PTL",1
"NOR","GRS",2010,"EA_PTL",1
"NOR","GRS",2020,"FP_SOC",1
"NOR","GRS",2020,"EA_SOC",1
"NOR","GRS",2020,"FP_PTL",1
"NOR","GRS",2020,"EA_PTL",1
"NOR","GRS",2030,"FP_SOC",0.99999123125272
"NOR","GRS",2030,"EA_SOC",0.852515372415614
"NOR","GRS",2030,"FP_PTL",1
"NOR","GRS",2030,"EA_PTL",1
"NOR","GRS",2040,"FP_SOC",0.999989837651167
"NOR","GRS",2040,"EA_SOC",0.764175324306996
"NOR","GRS",2040,"FP_PTL",0.998534933174787
"NOR","GRS",2040,"EA_PTL",1
"NOR","GRS",2050,"FP_SOC",1.00000055817644
"NOR","GRS",2050,"EA_SOC",0.715352745544797
"NOR","GRS",2050,"FP_PTL",0.999602392113387
"NOR","GRS",2050,"EA_PTL",1.0000002806796
"NOR","CRP",2000,"FP_SOC",1
"NOR","CRP",2000,"EA_SOC",1
"NOR","CRP",2000,"FP_PTL",1
"NOR","CRP",2000,"EA_PTL",1
"NOR","CRP",2010,"FP_SOC",1
"NOR","CRP",2010,"EA_SOC",1
"NOR","CRP",2010,"FP_PTL",1
"NOR","CRP",2010,"EA_PTL",1
"NOR","CRP",2020,"FP_SOC",1
"NOR","CRP",2020,"EA_SOC",1
"NOR","CRP",2020,"FP_PTL",1
"NOR","CRP",2020,"EA_PTL",1
"NOR","CRP",2030,"FP_SOC",1.00329422453575
"NOR","CRP",2030,"EA_SOC",1.00252969694982
"NOR","CRP",2030,"FP_PTL",1
"NOR","CRP",2030,"EA_PTL",1.0000461033401
"NOR","CRP",2040,"FP_SOC",1.00337704325114
"NOR","CRP",2040,"EA_SOC",0.993027590629602
"NOR","CRP",2040,"FP_PTL",0.998841291522722
"NOR","CRP",2040,"EA_PTL",1.00010487807963
"NOR","CRP",2050,"FP_SOC",1.00146812665678
"NOR","CRP",2050,"EA_SOC",0.988414991122162
"NOR","CRP",2050,"FP_PTL",0.99992701637867
"NOR","CRP",2050,"EA_PTL",1.00011528347571
