"ANYSCEN","ALLYEAR","ANYREGION","ITEM","Value","VARIABLE","UNIT"
"base",2030,"AUT","CRP",2.183448381,"AREA","1000 ha"
"base",2030,"AUT","GRS",0.26817726,"AREA","1000 ha"
"base",2030,"AUT","TOT",2.451625641,"AREA","1000 ha"
"base",2030,"BGR","CRP",5.28041055,"AREA","1000 ha"
"base",2030,"BGR","GRS",0.42118425,"AREA","1000 ha"
"base",2030,"BGR","TOT",5.7015948,"AREA","1000 ha"
"base",2030,"HRV","CRP",1.71999195,"AREA","1000 ha"
"base",2030,"HRV","GRS",0.18478615,"AREA","1000 ha"
"base",2030,"HRV","TOT",1.9047781,"AREA","1000 ha"
"base",2030,"CYP","CRP",0,"AREA","1000 ha"
"base",2030,"CYP","GRS",0.005542305,"AREA","1000 ha"
"base",2030,"CYP","TOT",0.005542305,"AREA","1000 ha"
"base",2030,"CZE","CRP",8.10370705,"AREA","1000 ha"
"base",2030,"CZE","GRS",0.50143565,"AREA","1000 ha"
"base",2030,"CZE","TOT",8.6051427,"AREA","1000 ha"
"base",2030,"DNK","CRP",3.054383543,"AREA","1000 ha"
"base",2030,"DNK","GRS",0.496769234,"AREA","1000 ha"
"base",2030,"DNK","TOT",3.551152777,"AREA","1000 ha"
"base",2030,"EST","CRP",0.41633515,"AREA","1000 ha"
"base",2030,"EST","GRS",0.16790265,"AREA","1000 ha"
"base",2030,"EST","TOT",0.5842378,"AREA","1000 ha"
"base",2030,"FIN","CRP",0.100720631,"AREA","1000 ha"
"base",2030,"FIN","GRS",0.428834845,"AREA","1000 ha"
"base",2030,"FIN","TOT",0.529555476,"AREA","1000 ha"
"base",2030,"FRA","CRP",47.09690287,"AREA","1000 ha"
"base",2030,"FRA","GRS",21.7790212,"AREA","1000 ha"
"base",2030,"FRA","TOT",68.87592407,"AREA","1000 ha"
"base",2030,"DEU","CRP",23.83197793,"AREA","1000 ha"
"base",2030,"DEU","GRS",4.675097157,"AREA","1000 ha"
"base",2030,"DEU","TOT",28.50707509,"AREA","1000 ha"
"base",2030,"HUN","CRP",9.887215,"AREA","1000 ha"
"base",2030,"HUN","GRS",0.4233288,"AREA","1000 ha"
"base",2030,"HUN","TOT",10.3105438,"AREA","1000 ha"
"base",2030,"IRL","CRP",0.063268386,"AREA","1000 ha"
"base",2030,"IRL","GRS",3.814428669,"AREA","1000 ha"
"base",2030,"IRL","TOT",3.877697055,"AREA","1000 ha"
"base",2030,"ITA","CRP",4.183641341,"AREA","1000 ha"
"base",2030,"ITA","GRS",0.767446692,"AREA","1000 ha"
"base",2030,"ITA","TOT",4.951088033,"AREA","1000 ha"
"base",2030,"LVA","CRP",1.1761834,"AREA","1000 ha"
"base",2030,"LVA","GRS",0.2757725,"AREA","1000 ha"
"base",2030,"LVA","TOT",1.4519559,"AREA","1000 ha"
"base",2030,"LTU","CRP",3.82109785,"AREA","1000 ha"
"base",2030,"LTU","GRS",0.53422415,"AREA","1000 ha"
"base",2030,"LTU","TOT",4.355322,"AREA","1000 ha"
"base",2030,"MLT","CRP",0,"AREA","1000 ha"
"base",2030,"MLT","GRS",0,"AREA","1000 ha"
"base",2030,"MLT","TOT",0,"AREA","1000 ha"
"base",2030,"NLD","CRP",0.50946146,"AREA","1000 ha"
"base",2030,"NLD","GRS",1.254633413,"AREA","1000 ha"
"base",2030,"NLD","TOT",1.764094873,"AREA","1000 ha"
"base",2030,"NOR","CRP",0.409148785,"AREA","1000 ha"
"base",2030,"NOR","GRS",0.072459354,"AREA","1000 ha"
"base",2030,"NOR","TOT",0.481608139,"AREA","1000 ha"
"base",2030,"POL","CRP",35.5056662,"AREA","1000 ha"
"base",2030,"POL","GRS",2.0744344,"AREA","1000 ha"
"base",2030,"POL","TOT",37.5801006,"AREA","1000 ha"
"base",2030,"PRT","CRP",0.169256038,"AREA","1000 ha"
"base",2030,"PRT","GRS",0.50605436,"AREA","1000 ha"
"base",2030,"PRT","TOT",0.675310398,"AREA","1000 ha"
"base",2030,"ROU","CRP",4.41396195,"AREA","1000 ha"
"base",2030,"ROU","GRS",2.16084395,"AREA","1000 ha"
"base",2030,"ROU","TOT",6.5748059,"AREA","1000 ha"
"base",2030,"SVK","CRP",2.4613691,"AREA","1000 ha"
"base",2030,"SVK","GRS",0.3708494,"AREA","1000 ha"
"base",2030,"SVK","TOT",2.8322185,"AREA","1000 ha"
"base",2030,"SVN","CRP",0.2775807,"AREA","1000 ha"
"base",2030,"SVN","GRS",0.0205166,"AREA","1000 ha"
"base",2030,"SVN","TOT",0.2980973,"AREA","1000 ha"
"base",2030,"ESP","CRP",4.724586583,"AREA","1000 ha"
"base",2030,"ESP","GRS",1.739728353,"AREA","1000 ha"
"base",2030,"ESP","TOT",6.464314936,"AREA","1000 ha"
"base",2030,"SWE","CRP",0.9724853,"AREA","1000 ha"
"base",2030,"SWE","GRS",1.468798358,"AREA","1000 ha"
"base",2030,"SWE","TOT",2.441283658,"AREA","1000 ha"
"base",2040,"AUT","CRP",1.862656836,"AREA","1000 ha"
"base",2040,"AUT","GRS",0.239084148,"AREA","1000 ha"
"base",2040,"AUT","TOT",2.101740984,"AREA","1000 ha"
"base",2040,"BGR","CRP",5.17912775,"AREA","1000 ha"
"base",2040,"BGR","GRS",0.39148625,"AREA","1000 ha"
"base",2040,"BGR","TOT",5.570614,"AREA","1000 ha"
"base",2040,"HRV","CRP",1.68827495,"AREA","1000 ha"
"base",2040,"HRV","GRS",0.16729715,"AREA","1000 ha"
"base",2040,"HRV","TOT",1.8555721,"AREA","1000 ha"
"base",2040,"CYP","CRP",0,"AREA","1000 ha"
"base",2040,"CYP","GRS",0.005542305,"AREA","1000 ha"
"base",2040,"CYP","TOT",0.005542305,"AREA","1000 ha"
"base",2040,"CZE","CRP",7.61475995,"AREA","1000 ha"
"base",2040,"CZE","GRS",0.48403365,"AREA","1000 ha"
"base",2040,"CZE","TOT",8.0987936,"AREA","1000 ha"
"base",2040,"DNK","CRP",3.035397499,"AREA","1000 ha"
"base",2040,"DNK","GRS",0.48718608,"AREA","1000 ha"
"base",2040,"DNK","TOT",3.522583579,"AREA","1000 ha"
"base",2040,"EST","CRP",0.31780365,"AREA","1000 ha"
"base",2040,"EST","GRS",0.15719305,"AREA","1000 ha"
"base",2040,"EST","TOT",0.4749967,"AREA","1000 ha"
"base",2040,"FIN","CRP",0.099248905,"AREA","1000 ha"
"base",2040,"FIN","GRS",0.428834845,"AREA","1000 ha"
"base",2040,"FIN","TOT",0.52808375,"AREA","1000 ha"
"base",2040,"FRA","CRP",45.54064009,"AREA","1000 ha"
"base",2040,"FRA","GRS",20.51444833,"AREA","1000 ha"
"base",2040,"FRA","TOT",66.05508842,"AREA","1000 ha"
"base",2040,"DEU","CRP",22.51568878,"AREA","1000 ha"
"base",2040,"DEU","GRS",4.292708769,"AREA","1000 ha"
"base",2040,"DEU","TOT",26.80839755,"AREA","1000 ha"
"base",2040,"HUN","CRP",9.8144451,"AREA","1000 ha"
"base",2040,"HUN","GRS",0.4104458,"AREA","1000 ha"
"base",2040,"HUN","TOT",10.2248909,"AREA","1000 ha"
"base",2040,"IRL","CRP",0.063268386,"AREA","1000 ha"
"base",2040,"IRL","GRS",3.812645781,"AREA","1000 ha"
"base",2040,"IRL","TOT",3.875914167,"AREA","1000 ha"
"base",2040,"ITA","CRP",2.985477219,"AREA","1000 ha"
"base",2040,"ITA","GRS",0.716381913,"AREA","1000 ha"
"base",2040,"ITA","TOT",3.701859132,"AREA","1000 ha"
"base",2040,"LVA","CRP",0.9600836,"AREA","1000 ha"
"base",2040,"LVA","GRS",0.2549353,"AREA","1000 ha"
"base",2040,"LVA","TOT",1.2150189,"AREA","1000 ha"
"base",2040,"LTU","CRP",3.49791855,"AREA","1000 ha"
"base",2040,"LTU","GRS",0.52153515,"AREA","1000 ha"
"base",2040,"LTU","TOT",4.0194537,"AREA","1000 ha"
"base",2040,"MLT","CRP",0,"AREA","1000 ha"
"base",2040,"MLT","GRS",0,"AREA","1000 ha"
"base",2040,"MLT","TOT",0,"AREA","1000 ha"
"base",2040,"NLD","CRP",0.46089921,"AREA","1000 ha"
"base",2040,"NLD","GRS",1.235549501,"AREA","1000 ha"
"base",2040,"NLD","TOT",1.696448711,"AREA","1000 ha"
"base",2040,"NOR","CRP",0.403310679,"AREA","1000 ha"
"base",2040,"NOR","GRS",0.072351209,"AREA","1000 ha"
"base",2040,"NOR","TOT",0.475661888,"AREA","1000 ha"
"base",2040,"POL","CRP",32.4694719,"AREA","1000 ha"
"base",2040,"POL","GRS",1.813705,"AREA","1000 ha"
"base",2040,"POL","TOT",34.2831769,"AREA","1000 ha"
"base",2040,"PRT","CRP",0.166408529,"AREA","1000 ha"
"base",2040,"PRT","GRS",0.492332959,"AREA","1000 ha"
"base",2040,"PRT","TOT",0.658741488,"AREA","1000 ha"
"base",2040,"ROU","CRP",4.35180865,"AREA","1000 ha"
"base",2040,"ROU","GRS",2.05408695,"AREA","1000 ha"
"base",2040,"ROU","TOT",6.4058956,"AREA","1000 ha"
"base",2040,"SVK","CRP",2.4248882,"AREA","1000 ha"
"base",2040,"SVK","GRS",0.3633534,"AREA","1000 ha"
"base",2040,"SVK","TOT",2.7882416,"AREA","1000 ha"
"base",2040,"SVN","CRP",0.2730497,"AREA","1000 ha"
"base",2040,"SVN","GRS",0.0166716,"AREA","1000 ha"
"base",2040,"SVN","TOT",0.2897213,"AREA","1000 ha"
"base",2040,"ESP","CRP",3.866228537,"AREA","1000 ha"
"base",2040,"ESP","GRS",1.593211984,"AREA","1000 ha"
"base",2040,"ESP","TOT",5.459440521,"AREA","1000 ha"
"base",2040,"SWE","CRP",0.969541848,"AREA","1000 ha"
"base",2040,"SWE","GRS",1.465375803,"AREA","1000 ha"
"base",2040,"SWE","TOT",2.434917651,"AREA","1000 ha"
"base",2050,"AUT","CRP",1.437472236,"AREA","1000 ha"
"base",2050,"AUT","GRS",0.235518372,"AREA","1000 ha"
"base",2050,"AUT","TOT",1.672990608,"AREA","1000 ha"
"base",2050,"BGR","CRP",5.1589757,"AREA","1000 ha"
"base",2050,"BGR","GRS",0.3704848,"AREA","1000 ha"
"base",2050,"BGR","TOT",5.5294605,"AREA","1000 ha"
"base",2050,"HRV","CRP",1.68795065,"AREA","1000 ha"
"base",2050,"HRV","GRS",0.16095515,"AREA","1000 ha"
"base",2050,"HRV","TOT",1.8489058,"AREA","1000 ha"
"base",2050,"CYP","CRP",0,"AREA","1000 ha"
"base",2050,"CYP","GRS",0.005542305,"AREA","1000 ha"
"base",2050,"CYP","TOT",0.005542305,"AREA","1000 ha"
"base",2050,"CZE","CRP",7.43950265,"AREA","1000 ha"
"base",2050,"CZE","GRS",0.46234325,"AREA","1000 ha"
"base",2050,"CZE","TOT",7.9018459,"AREA","1000 ha"
"base",2050,"DNK","CRP",2.890892176,"AREA","1000 ha"
"base",2050,"DNK","GRS",0.48718608,"AREA","1000 ha"
"base",2050,"DNK","TOT",3.378078256,"AREA","1000 ha"
"base",2050,"EST","CRP",0.28426675,"AREA","1000 ha"
"base",2050,"EST","GRS",0.14327195,"AREA","1000 ha"
"base",2050,"EST","TOT",0.4275387,"AREA","1000 ha"
"base",2050,"FIN","CRP",0.097777179,"AREA","1000 ha"
"base",2050,"FIN","GRS",0.428834845,"AREA","1000 ha"
"base",2050,"FIN","TOT",0.526612024,"AREA","1000 ha"
"base",2050,"FRA","CRP",42.89470067,"AREA","1000 ha"
"base",2050,"FRA","GRS",20.27571226,"AREA","1000 ha"
"base",2050,"FRA","TOT",63.17041292,"AREA","1000 ha"
"base",2050,"DEU","CRP",19.95067592,"AREA","1000 ha"
"base",2050,"DEU","GRS",4.114136517,"AREA","1000 ha"
"base",2050,"DEU","TOT",24.06481244,"AREA","1000 ha"
"base",2050,"HUN","CRP",9.7789567,"AREA","1000 ha"
"base",2050,"HUN","GRS",0.3769898,"AREA","1000 ha"
"base",2050,"HUN","TOT",10.1559465,"AREA","1000 ha"
"base",2050,"IRL","CRP",0.050694806,"AREA","1000 ha"
"base",2050,"IRL","GRS",3.812645781,"AREA","1000 ha"
"base",2050,"IRL","TOT",3.863340587,"AREA","1000 ha"
"base",2050,"ITA","CRP",2.16576823,"AREA","1000 ha"
"base",2050,"ITA","GRS",0.698646537,"AREA","1000 ha"
"base",2050,"ITA","TOT",2.864414767,"AREA","1000 ha"
"base",2050,"LVA","CRP",0.8903021,"AREA","1000 ha"
"base",2050,"LVA","GRS",0.2301817,"AREA","1000 ha"
"base",2050,"LVA","TOT",1.1204838,"AREA","1000 ha"
"base",2050,"LTU","CRP",3.38181105,"AREA","1000 ha"
"base",2050,"LTU","GRS",0.47935495,"AREA","1000 ha"
"base",2050,"LTU","TOT",3.861166,"AREA","1000 ha"
"base",2050,"MLT","CRP",0,"AREA","1000 ha"
"base",2050,"MLT","GRS",0,"AREA","1000 ha"
"base",2050,"MLT","TOT",0,"AREA","1000 ha"
"base",2050,"NLD","CRP",0.400109794,"AREA","1000 ha"
"base",2050,"NLD","GRS",1.152434205,"AREA","1000 ha"
"base",2050,"NLD","TOT",1.552543999,"AREA","1000 ha"
"base",2050,"NOR","CRP",0.397472573,"AREA","1000 ha"
"base",2050,"NOR","GRS",0.072351209,"AREA","1000 ha"
"base",2050,"NOR","TOT",0.469823782,"AREA","1000 ha"
"base",2050,"POL","CRP",31.8011984,"AREA","1000 ha"
"base",2050,"POL","GRS",1.427251,"AREA","1000 ha"
"base",2050,"POL","TOT",33.2284494,"AREA","1000 ha"
"base",2050,"PRT","CRP",0.16356102,"AREA","1000 ha"
"base",2050,"PRT","GRS",0.487985189,"AREA","1000 ha"
"base",2050,"PRT","TOT",0.651546209,"AREA","1000 ha"
"base",2050,"ROU","CRP",4.33878025,"AREA","1000 ha"
"base",2050,"ROU","GRS",1.94761595,"AREA","1000 ha"
"base",2050,"ROU","TOT",6.2863962,"AREA","1000 ha"
"base",2050,"SVK","CRP",2.3992488,"AREA","1000 ha"
"base",2050,"SVK","GRS",0.3542234,"AREA","1000 ha"
"base",2050,"SVK","TOT",2.7534722,"AREA","1000 ha"
"base",2050,"SVN","CRP",0.2730497,"AREA","1000 ha"
"base",2050,"SVN","GRS",0.0118666,"AREA","1000 ha"
"base",2050,"SVN","TOT",0.2849163,"AREA","1000 ha"
"base",2050,"ESP","CRP",2.471823204,"AREA","1000 ha"
"base",2050,"ESP","GRS",1.57573483,"AREA","1000 ha"
"base",2050,"ESP","TOT",4.047558034,"AREA","1000 ha"
"base",2050,"SWE","CRP",0.968070122,"AREA","1000 ha"
"base",2050,"SWE","GRS",1.457661079,"AREA","1000 ha"
"base",2050,"SWE","TOT",2.425731201,"AREA","1000 ha"
"easwf",2030,"AUT","CRP",3.628588624,"AREA","1000 ha"
"easwf",2030,"AUT","GRS",0.536189467,"AREA","1000 ha"
"easwf",2030,"AUT","TOT",4.164778091,"AREA","1000 ha"
"easwf",2030,"BGR","CRP",48.00432282,"AREA","1000 ha"
"easwf",2030,"BGR","GRS",1.419794123,"AREA","1000 ha"
"easwf",2030,"BGR","TOT",49.42411694,"AREA","1000 ha"
"easwf",2030,"HRV","CRP",13.85956493,"AREA","1000 ha"
"easwf",2030,"HRV","GRS",0.571676475,"AREA","1000 ha"
"easwf",2030,"HRV","TOT",14.4312414,"AREA","1000 ha"
"easwf",2030,"CYP","CRP",0.007224393,"AREA","1000 ha"
"easwf",2030,"CYP","GRS",0.027437655,"AREA","1000 ha"
"easwf",2030,"CYP","TOT",0.034662048,"AREA","1000 ha"
"easwf",2030,"CZE","CRP",27.39087999,"AREA","1000 ha"
"easwf",2030,"CZE","GRS",1.123872405,"AREA","1000 ha"
"easwf",2030,"CZE","TOT",28.51475239,"AREA","1000 ha"
"easwf",2030,"DNK","CRP",13.23621479,"AREA","1000 ha"
"easwf",2030,"DNK","GRS",0.485781136,"AREA","1000 ha"
"easwf",2030,"DNK","TOT",13.72199593,"AREA","1000 ha"
"easwf",2030,"EST","CRP",1.057333045,"AREA","1000 ha"
"easwf",2030,"EST","GRS",0.50316574,"AREA","1000 ha"
"easwf",2030,"EST","TOT",1.560498784,"AREA","1000 ha"
"easwf",2030,"FIN","CRP",0.120845097,"AREA","1000 ha"
"easwf",2030,"FIN","GRS",0.402222372,"AREA","1000 ha"
"easwf",2030,"FIN","TOT",0.523067469,"AREA","1000 ha"
"easwf",2030,"FRA","CRP",68.4255854,"AREA","1000 ha"
"easwf",2030,"FRA","GRS",34.47939053,"AREA","1000 ha"
"easwf",2030,"FRA","TOT",102.9049759,"AREA","1000 ha"
"easwf",2030,"DEU","CRP",35.68746438,"AREA","1000 ha"
"easwf",2030,"DEU","GRS",4.854396232,"AREA","1000 ha"
"easwf",2030,"DEU","TOT",40.54186061,"AREA","1000 ha"
"easwf",2030,"HUN","CRP",64.11305083,"AREA","1000 ha"
"easwf",2030,"HUN","GRS",0.588329817,"AREA","1000 ha"
"easwf",2030,"HUN","TOT",64.70138065,"AREA","1000 ha"
"easwf",2030,"IRL","CRP",0.085999908,"AREA","1000 ha"
"easwf",2030,"IRL","GRS",11.02879814,"AREA","1000 ha"
"easwf",2030,"IRL","TOT",11.11479805,"AREA","1000 ha"
"easwf",2030,"ITA","CRP",41.36545284,"AREA","1000 ha"
"easwf",2030,"ITA","GRS",1.426404308,"AREA","1000 ha"
"easwf",2030,"ITA","TOT",42.79185715,"AREA","1000 ha"
"easwf",2030,"LVA","CRP",5.425500801,"AREA","1000 ha"
"easwf",2030,"LVA","GRS",0.549975567,"AREA","1000 ha"
"easwf",2030,"LVA","TOT",5.975476368,"AREA","1000 ha"
"easwf",2030,"LTU","CRP",20.50057252,"AREA","1000 ha"
"easwf",2030,"LTU","GRS",0.899456096,"AREA","1000 ha"
"easwf",2030,"LTU","TOT",21.40002861,"AREA","1000 ha"
"easwf",2030,"MLT","CRP",0,"AREA","1000 ha"
"easwf",2030,"MLT","GRS",0,"AREA","1000 ha"
"easwf",2030,"MLT","TOT",0,"AREA","1000 ha"
"easwf",2030,"NLD","CRP",1.867139362,"AREA","1000 ha"
"easwf",2030,"NLD","GRS",0.984693885,"AREA","1000 ha"
"easwf",2030,"NLD","TOT",2.851833247,"AREA","1000 ha"
"easwf",2030,"NOR","CRP",0.767999781,"AREA","1000 ha"
"easwf",2030,"NOR","GRS",0.098956241,"AREA","1000 ha"
"easwf",2030,"NOR","TOT",0.866956022,"AREA","1000 ha"
"easwf",2030,"POL","CRP",76.08622697,"AREA","1000 ha"
"easwf",2030,"POL","GRS",2.656376174,"AREA","1000 ha"
"easwf",2030,"POL","TOT",78.74260315,"AREA","1000 ha"
"easwf",2030,"PRT","CRP",0.151339133,"AREA","1000 ha"
"easwf",2030,"PRT","GRS",1.532643083,"AREA","1000 ha"
"easwf",2030,"PRT","TOT",1.683982216,"AREA","1000 ha"
"easwf",2030,"ROU","CRP",26.50450151,"AREA","1000 ha"
"easwf",2030,"ROU","GRS",4.843469178,"AREA","1000 ha"
"easwf",2030,"ROU","TOT",31.34797068,"AREA","1000 ha"
"easwf",2030,"SVK","CRP",12.65979896,"AREA","1000 ha"
"easwf",2030,"SVK","GRS",0.74090604,"AREA","1000 ha"
"easwf",2030,"SVK","TOT",13.400705,"AREA","1000 ha"
"easwf",2030,"SVN","CRP",0.590333343,"AREA","1000 ha"
"easwf",2030,"SVN","GRS",0.038680684,"AREA","1000 ha"
"easwf",2030,"SVN","TOT",0.629014027,"AREA","1000 ha"
"easwf",2030,"ESP","CRP",24.2356633,"AREA","1000 ha"
"easwf",2030,"ESP","GRS",5.941297738,"AREA","1000 ha"
"easwf",2030,"ESP","TOT",30.17696104,"AREA","1000 ha"
"easwf",2030,"SWE","CRP",3.131884891,"AREA","1000 ha"
"easwf",2030,"SWE","GRS",1.645294687,"AREA","1000 ha"
"easwf",2030,"SWE","TOT",4.777179578,"AREA","1000 ha"
"easwf",2040,"AUT","CRP",5.632146987,"AREA","1000 ha"
"easwf",2040,"AUT","GRS",1.043970884,"AREA","1000 ha"
"easwf",2040,"AUT","TOT",6.676117871,"AREA","1000 ha"
"easwf",2040,"BGR","CRP",109.7005412,"AREA","1000 ha"
"easwf",2040,"BGR","GRS",2.789146084,"AREA","1000 ha"
"easwf",2040,"BGR","TOT",112.4896873,"AREA","1000 ha"
"easwf",2040,"HRV","CRP",31.0102815,"AREA","1000 ha"
"easwf",2040,"HRV","GRS",1.29062799,"AREA","1000 ha"
"easwf",2040,"HRV","TOT",32.30090949,"AREA","1000 ha"
"easwf",2040,"CYP","CRP",0.007948443,"AREA","1000 ha"
"easwf",2040,"CYP","GRS",0.055328584,"AREA","1000 ha"
"easwf",2040,"CYP","TOT",0.063277027,"AREA","1000 ha"
"easwf",2040,"CZE","CRP",55.0769604,"AREA","1000 ha"
"easwf",2040,"CZE","GRS",2.210054531,"AREA","1000 ha"
"easwf",2040,"CZE","TOT",57.28701493,"AREA","1000 ha"
"easwf",2040,"DNK","CRP",30.01070237,"AREA","1000 ha"
"easwf",2040,"DNK","GRS",0.671879533,"AREA","1000 ha"
"easwf",2040,"DNK","TOT",30.68258191,"AREA","1000 ha"
"easwf",2040,"EST","CRP",1.387636492,"AREA","1000 ha"
"easwf",2040,"EST","GRS",0.98152751,"AREA","1000 ha"
"easwf",2040,"EST","TOT",2.369164002,"AREA","1000 ha"
"easwf",2040,"FIN","CRP",0.27444913,"AREA","1000 ha"
"easwf",2040,"FIN","GRS",0.574363158,"AREA","1000 ha"
"easwf",2040,"FIN","TOT",0.848812288,"AREA","1000 ha"
"easwf",2040,"FRA","CRP",113.720723,"AREA","1000 ha"
"easwf",2040,"FRA","GRS",42.18607098,"AREA","1000 ha"
"easwf",2040,"FRA","TOT",155.906794,"AREA","1000 ha"
"easwf",2040,"DEU","CRP",68.21880406,"AREA","1000 ha"
"easwf",2040,"DEU","GRS",7.744848946,"AREA","1000 ha"
"easwf",2040,"DEU","TOT",75.96365301,"AREA","1000 ha"
"easwf",2040,"HUN","CRP",143.3095495,"AREA","1000 ha"
"easwf",2040,"HUN","GRS",1.150952748,"AREA","1000 ha"
"easwf",2040,"HUN","TOT",144.4605023,"AREA","1000 ha"
"easwf",2040,"IRL","CRP",0.38048827,"AREA","1000 ha"
"easwf",2040,"IRL","GRS",25.354825,"AREA","1000 ha"
"easwf",2040,"IRL","TOT",25.73531327,"AREA","1000 ha"
"easwf",2040,"ITA","CRP",68.68070659,"AREA","1000 ha"
"easwf",2040,"ITA","GRS",1.991368128,"AREA","1000 ha"
"easwf",2040,"ITA","TOT",70.67207472,"AREA","1000 ha"
"easwf",2040,"LVA","CRP",10.78235696,"AREA","1000 ha"
"easwf",2040,"LVA","GRS",0.878068492,"AREA","1000 ha"
"easwf",2040,"LVA","TOT",11.66042546,"AREA","1000 ha"
"easwf",2040,"LTU","CRP",41.17545605,"AREA","1000 ha"
"easwf",2040,"LTU","GRS",1.597346356,"AREA","1000 ha"
"easwf",2040,"LTU","TOT",42.7728024,"AREA","1000 ha"
"easwf",2040,"MLT","CRP",0,"AREA","1000 ha"
"easwf",2040,"MLT","GRS",0,"AREA","1000 ha"
"easwf",2040,"MLT","TOT",0,"AREA","1000 ha"
"easwf",2040,"NLD","CRP",4.609303178,"AREA","1000 ha"
"easwf",2040,"NLD","GRS",1.408398827,"AREA","1000 ha"
"easwf",2040,"NLD","TOT",6.017702005,"AREA","1000 ha"
"easwf",2040,"NOR","CRP",1.53175716,"AREA","1000 ha"
"easwf",2040,"NOR","GRS",0.156186879,"AREA","1000 ha"
"easwf",2040,"NOR","TOT",1.687944039,"AREA","1000 ha"
"easwf",2040,"POL","CRP",126.5448386,"AREA","1000 ha"
"easwf",2040,"POL","GRS",4.196674429,"AREA","1000 ha"
"easwf",2040,"POL","TOT",130.741513,"AREA","1000 ha"
"easwf",2040,"PRT","CRP",0.193772634,"AREA","1000 ha"
"easwf",2040,"PRT","GRS",2.53259835,"AREA","1000 ha"
"easwf",2040,"PRT","TOT",2.726370984,"AREA","1000 ha"
"easwf",2040,"ROU","CRP",61.94718055,"AREA","1000 ha"
"easwf",2040,"ROU","GRS",7.506298888,"AREA","1000 ha"
"easwf",2040,"ROU","TOT",69.45347944,"AREA","1000 ha"
"easwf",2040,"SVK","CRP",27.77293693,"AREA","1000 ha"
"easwf",2040,"SVK","GRS",1.321325111,"AREA","1000 ha"
"easwf",2040,"SVK","TOT",29.09426204,"AREA","1000 ha"
"easwf",2040,"SVN","CRP",1.414762668,"AREA","1000 ha"
"easwf",2040,"SVN","GRS",0.111534673,"AREA","1000 ha"
"easwf",2040,"SVN","TOT",1.52629734,"AREA","1000 ha"
"easwf",2040,"ESP","CRP",141.8181926,"AREA","1000 ha"
"easwf",2040,"ESP","GRS",8.978085024,"AREA","1000 ha"
"easwf",2040,"ESP","TOT",150.7962777,"AREA","1000 ha"
"easwf",2040,"SWE","CRP",6.796298725,"AREA","1000 ha"
"easwf",2040,"SWE","GRS",2.300952974,"AREA","1000 ha"
"easwf",2040,"SWE","TOT",9.097251699,"AREA","1000 ha"
"easwf",2050,"AUT","CRP",8.939948698,"AREA","1000 ha"
"easwf",2050,"AUT","GRS",1.660596804,"AREA","1000 ha"
"easwf",2050,"AUT","TOT",10.6005455,"AREA","1000 ha"
"easwf",2050,"BGR","CRP",206.0095625,"AREA","1000 ha"
"easwf",2050,"BGR","GRS",4.504629775,"AREA","1000 ha"
"easwf",2050,"BGR","TOT",210.5141923,"AREA","1000 ha"
"easwf",2050,"HRV","CRP",64.80404274,"AREA","1000 ha"
"easwf",2050,"HRV","GRS",2.174964514,"AREA","1000 ha"
"easwf",2050,"HRV","TOT",66.97900725,"AREA","1000 ha"
"easwf",2050,"CYP","CRP",0.59704691,"AREA","1000 ha"
"easwf",2050,"CYP","GRS",0.086727961,"AREA","1000 ha"
"easwf",2050,"CYP","TOT",0.683774871,"AREA","1000 ha"
"easwf",2050,"CZE","CRP",89.70781741,"AREA","1000 ha"
"easwf",2050,"CZE","GRS",3.826994783,"AREA","1000 ha"
"easwf",2050,"CZE","TOT",93.5348122,"AREA","1000 ha"
"easwf",2050,"DNK","CRP",54.32565777,"AREA","1000 ha"
"easwf",2050,"DNK","GRS",0.859608251,"AREA","1000 ha"
"easwf",2050,"DNK","TOT",55.18526602,"AREA","1000 ha"
"easwf",2050,"EST","CRP",2.029112426,"AREA","1000 ha"
"easwf",2050,"EST","GRS",1.564137418,"AREA","1000 ha"
"easwf",2050,"EST","TOT",3.593249843,"AREA","1000 ha"
"easwf",2050,"FIN","CRP",0.57573679,"AREA","1000 ha"
"easwf",2050,"FIN","GRS",0.752295549,"AREA","1000 ha"
"easwf",2050,"FIN","TOT",1.328032339,"AREA","1000 ha"
"easwf",2050,"FRA","CRP",189.3448489,"AREA","1000 ha"
"easwf",2050,"FRA","GRS",52.3526343,"AREA","1000 ha"
"easwf",2050,"FRA","TOT",241.6974832,"AREA","1000 ha"
"easwf",2050,"DEU","CRP",114.5096072,"AREA","1000 ha"
"easwf",2050,"DEU","GRS",13.42663219,"AREA","1000 ha"
"easwf",2050,"DEU","TOT",127.9362393,"AREA","1000 ha"
"easwf",2050,"HUN","CRP",275.4191726,"AREA","1000 ha"
"easwf",2050,"HUN","GRS",2.181165641,"AREA","1000 ha"
"easwf",2050,"HUN","TOT",277.6003383,"AREA","1000 ha"
"easwf",2050,"IRL","CRP",0.801393172,"AREA","1000 ha"
"easwf",2050,"IRL","GRS",43.52922779,"AREA","1000 ha"
"easwf",2050,"IRL","TOT",44.33062096,"AREA","1000 ha"
"easwf",2050,"ITA","CRP",60.22491765,"AREA","1000 ha"
"easwf",2050,"ITA","GRS",3.745914197,"AREA","1000 ha"
"easwf",2050,"ITA","TOT",63.97083185,"AREA","1000 ha"
"easwf",2050,"LVA","CRP",15.82000845,"AREA","1000 ha"
"easwf",2050,"LVA","GRS",1.22467972,"AREA","1000 ha"
"easwf",2050,"LVA","TOT",17.04468817,"AREA","1000 ha"
"easwf",2050,"LTU","CRP",67.07993225,"AREA","1000 ha"
"easwf",2050,"LTU","GRS",2.64705276,"AREA","1000 ha"
"easwf",2050,"LTU","TOT",69.72698501,"AREA","1000 ha"
"easwf",2050,"MLT","CRP",0,"AREA","1000 ha"
"easwf",2050,"MLT","GRS",0,"AREA","1000 ha"
"easwf",2050,"MLT","TOT",0,"AREA","1000 ha"
"easwf",2050,"NLD","CRP",7.927323465,"AREA","1000 ha"
"easwf",2050,"NLD","GRS",2.175964338,"AREA","1000 ha"
"easwf",2050,"NLD","TOT",10.1032878,"AREA","1000 ha"
"easwf",2050,"NOR","CRP",2.353895716,"AREA","1000 ha"
"easwf",2050,"NOR","GRS",0.252405181,"AREA","1000 ha"
"easwf",2050,"NOR","TOT",2.606300897,"AREA","1000 ha"
"easwf",2050,"POL","CRP",181.267944,"AREA","1000 ha"
"easwf",2050,"POL","GRS",7.105691805,"AREA","1000 ha"
"easwf",2050,"POL","TOT",188.3736358,"AREA","1000 ha"
"easwf",2050,"PRT","CRP",2.440584545,"AREA","1000 ha"
"easwf",2050,"PRT","GRS",3.429528578,"AREA","1000 ha"
"easwf",2050,"PRT","TOT",5.870113123,"AREA","1000 ha"
"easwf",2050,"ROU","CRP",110.7937676,"AREA","1000 ha"
"easwf",2050,"ROU","GRS",10.54772145,"AREA","1000 ha"
"easwf",2050,"ROU","TOT",121.341489,"AREA","1000 ha"
"easwf",2050,"SVK","CRP",48.91227946,"AREA","1000 ha"
"easwf",2050,"SVK","GRS",2.296614825,"AREA","1000 ha"
"easwf",2050,"SVK","TOT",51.20889428,"AREA","1000 ha"
"easwf",2050,"SVN","CRP",1.772834795,"AREA","1000 ha"
"easwf",2050,"SVN","GRS",0.201789386,"AREA","1000 ha"
"easwf",2050,"SVN","TOT",1.974624181,"AREA","1000 ha"
"easwf",2050,"ESP","CRP",292.1828358,"AREA","1000 ha"
"easwf",2050,"ESP","GRS",19.69939026,"AREA","1000 ha"
"easwf",2050,"ESP","TOT",311.882226,"AREA","1000 ha"
"easwf",2050,"SWE","CRP",11.74518015,"AREA","1000 ha"
"easwf",2050,"SWE","GRS",3.000209878,"AREA","1000 ha"
"easwf",2050,"SWE","TOT",14.74539003,"AREA","1000 ha"
"fpswf",2030,"AUT","CRP",2.87127822,"AREA","1000 ha"
"fpswf",2030,"AUT","GRS",0.306322167,"AREA","1000 ha"
"fpswf",2030,"AUT","TOT",3.177600387,"AREA","1000 ha"
"fpswf",2030,"BGR","CRP",16.87998354,"AREA","1000 ha"
"fpswf",2030,"BGR","GRS",0.725723377,"AREA","1000 ha"
"fpswf",2030,"BGR","TOT",17.60570692,"AREA","1000 ha"
"fpswf",2030,"HRV","CRP",5.296740703,"AREA","1000 ha"
"fpswf",2030,"HRV","GRS",0.268277367,"AREA","1000 ha"
"fpswf",2030,"HRV","TOT",5.56501807,"AREA","1000 ha"
"fpswf",2030,"CYP","CRP",0.005421115,"AREA","1000 ha"
"fpswf",2030,"CYP","GRS",0.006476371,"AREA","1000 ha"
"fpswf",2030,"CYP","TOT",0.011897486,"AREA","1000 ha"
"fpswf",2030,"CZE","CRP",14.28679668,"AREA","1000 ha"
"fpswf",2030,"CZE","GRS",0.638363407,"AREA","1000 ha"
"fpswf",2030,"CZE","TOT",14.92516008,"AREA","1000 ha"
"fpswf",2030,"DNK","CRP",5.528564308,"AREA","1000 ha"
"fpswf",2030,"DNK","GRS",0.36445684,"AREA","1000 ha"
"fpswf",2030,"DNK","TOT",5.893021148,"AREA","1000 ha"
"fpswf",2030,"EST","CRP",0.694604225,"AREA","1000 ha"
"fpswf",2030,"EST","GRS",0.248829619,"AREA","1000 ha"
"fpswf",2030,"EST","TOT",0.943433844,"AREA","1000 ha"
"fpswf",2030,"FIN","CRP",0.05246142,"AREA","1000 ha"
"fpswf",2030,"FIN","GRS",0.283874034,"AREA","1000 ha"
"fpswf",2030,"FIN","TOT",0.336335453,"AREA","1000 ha"
"fpswf",2030,"FRA","CRP",48.67986694,"AREA","1000 ha"
"fpswf",2030,"FRA","GRS",24.34371321,"AREA","1000 ha"
"fpswf",2030,"FRA","TOT",73.02358016,"AREA","1000 ha"
"fpswf",2030,"DEU","CRP",23.28064752,"AREA","1000 ha"
"fpswf",2030,"DEU","GRS",4.10171283,"AREA","1000 ha"
"fpswf",2030,"DEU","TOT",27.38236035,"AREA","1000 ha"
"fpswf",2030,"HUN","CRP",25.85118727,"AREA","1000 ha"
"fpswf",2030,"HUN","GRS",0.415151804,"AREA","1000 ha"
"fpswf",2030,"HUN","TOT",26.26633907,"AREA","1000 ha"
"fpswf",2030,"IRL","CRP",0.045727393,"AREA","1000 ha"
"fpswf",2030,"IRL","GRS",4.139086728,"AREA","1000 ha"
"fpswf",2030,"IRL","TOT",4.184814121,"AREA","1000 ha"
"fpswf",2030,"ITA","CRP",8.111259447,"AREA","1000 ha"
"fpswf",2030,"ITA","GRS",0.879774783,"AREA","1000 ha"
"fpswf",2030,"ITA","TOT",8.99103423,"AREA","1000 ha"
"fpswf",2030,"LVA","CRP",2.454041813,"AREA","1000 ha"
"fpswf",2030,"LVA","GRS",0.354867438,"AREA","1000 ha"
"fpswf",2030,"LVA","TOT",2.808909251,"AREA","1000 ha"
"fpswf",2030,"LTU","CRP",8.9942253,"AREA","1000 ha"
"fpswf",2030,"LTU","GRS",0.590110011,"AREA","1000 ha"
"fpswf",2030,"LTU","TOT",9.584335311,"AREA","1000 ha"
"fpswf",2030,"MLT","CRP",0,"AREA","1000 ha"
"fpswf",2030,"MLT","GRS",0,"AREA","1000 ha"
"fpswf",2030,"MLT","TOT",0,"AREA","1000 ha"
"fpswf",2030,"NLD","CRP",0.417046662,"AREA","1000 ha"
"fpswf",2030,"NLD","GRS",1.11439779,"AREA","1000 ha"
"fpswf",2030,"NLD","TOT",1.531444452,"AREA","1000 ha"
"fpswf",2030,"NOR","CRP",0.40080045,"AREA","1000 ha"
"fpswf",2030,"NOR","GRS",0.068719528,"AREA","1000 ha"
"fpswf",2030,"NOR","TOT",0.469519978,"AREA","1000 ha"
"fpswf",2030,"POL","CRP",46.73643435,"AREA","1000 ha"
"fpswf",2030,"POL","GRS",2.009738343,"AREA","1000 ha"
"fpswf",2030,"POL","TOT",48.7461727,"AREA","1000 ha"
"fpswf",2030,"PRT","CRP",0.087877107,"AREA","1000 ha"
"fpswf",2030,"PRT","GRS",0.630939804,"AREA","1000 ha"
"fpswf",2030,"PRT","TOT",0.718816911,"AREA","1000 ha"
"fpswf",2030,"ROU","CRP",10.73472249,"AREA","1000 ha"
"fpswf",2030,"ROU","GRS",3.15862851,"AREA","1000 ha"
"fpswf",2030,"ROU","TOT",13.893351,"AREA","1000 ha"
"fpswf",2030,"SVK","CRP",5.442604268,"AREA","1000 ha"
"fpswf",2030,"SVK","GRS",0.462971298,"AREA","1000 ha"
"fpswf",2030,"SVK","TOT",5.905575566,"AREA","1000 ha"
"fpswf",2030,"SVN","CRP",0.428311205,"AREA","1000 ha"
"fpswf",2030,"SVN","GRS",0.020023305,"AREA","1000 ha"
"fpswf",2030,"SVN","TOT",0.44833451,"AREA","1000 ha"
"fpswf",2030,"ESP","CRP",10.78636856,"AREA","1000 ha"
"fpswf",2030,"ESP","GRS",1.859398278,"AREA","1000 ha"
"fpswf",2030,"ESP","TOT",12.64576684,"AREA","1000 ha"
"fpswf",2030,"SWE","CRP",1.205666884,"AREA","1000 ha"
"fpswf",2030,"SWE","GRS",1.201051901,"AREA","1000 ha"
"fpswf",2030,"SWE","TOT",2.406718785,"AREA","1000 ha"
"fpswf",2040,"AUT","CRP",2.796969703,"AREA","1000 ha"
"fpswf",2040,"AUT","GRS",0.373868683,"AREA","1000 ha"
"fpswf",2040,"AUT","TOT",3.170838385,"AREA","1000 ha"
"fpswf",2040,"BGR","CRP",29.43888239,"AREA","1000 ha"
"fpswf",2040,"BGR","GRS",1.023866921,"AREA","1000 ha"
"fpswf",2040,"BGR","TOT",30.46274932,"AREA","1000 ha"
"fpswf",2040,"HRV","CRP",8.818981976,"AREA","1000 ha"
"fpswf",2040,"HRV","GRS",0.418412374,"AREA","1000 ha"
"fpswf",2040,"HRV","TOT",9.23739435,"AREA","1000 ha"
"fpswf",2040,"CYP","CRP",0.003245215,"AREA","1000 ha"
"fpswf",2040,"CYP","GRS",0.018678308,"AREA","1000 ha"
"fpswf",2040,"CYP","TOT",0.021923523,"AREA","1000 ha"
"fpswf",2040,"CZE","CRP",21.52045402,"AREA","1000 ha"
"fpswf",2040,"CZE","GRS",0.813336647,"AREA","1000 ha"
"fpswf",2040,"CZE","TOT",22.33379066,"AREA","1000 ha"
"fpswf",2040,"DNK","CRP",8.569700082,"AREA","1000 ha"
"fpswf",2040,"DNK","GRS",0.432160288,"AREA","1000 ha"
"fpswf",2040,"DNK","TOT",9.00186037,"AREA","1000 ha"
"fpswf",2040,"EST","CRP",0.777818668,"AREA","1000 ha"
"fpswf",2040,"EST","GRS",0.343718106,"AREA","1000 ha"
"fpswf",2040,"EST","TOT",1.121536773,"AREA","1000 ha"
"fpswf",2040,"FIN","CRP",0.087895265,"AREA","1000 ha"
"fpswf",2040,"FIN","GRS",0.340793003,"AREA","1000 ha"
"fpswf",2040,"FIN","TOT",0.428688268,"AREA","1000 ha"
"fpswf",2040,"FRA","CRP",56.46620087,"AREA","1000 ha"
"fpswf",2040,"FRA","GRS",26.97396167,"AREA","1000 ha"
"fpswf",2040,"FRA","TOT",83.44016254,"AREA","1000 ha"
"fpswf",2040,"DEU","CRP",26.88990559,"AREA","1000 ha"
"fpswf",2040,"DEU","GRS",4.105462317,"AREA","1000 ha"
"fpswf",2040,"DEU","TOT",30.99536791,"AREA","1000 ha"
"fpswf",2040,"HUN","CRP",43.23090177,"AREA","1000 ha"
"fpswf",2040,"HUN","GRS",0.452920379,"AREA","1000 ha"
"fpswf",2040,"HUN","TOT",43.68382215,"AREA","1000 ha"
"fpswf",2040,"IRL","CRP",0.066688766,"AREA","1000 ha"
"fpswf",2040,"IRL","GRS",7.39866229,"AREA","1000 ha"
"fpswf",2040,"IRL","TOT",7.465351055,"AREA","1000 ha"
"fpswf",2040,"ITA","CRP",18.18476424,"AREA","1000 ha"
"fpswf",2040,"ITA","GRS",1.17170127,"AREA","1000 ha"
"fpswf",2040,"ITA","TOT",19.35646551,"AREA","1000 ha"
"fpswf",2040,"LVA","CRP",3.636368571,"AREA","1000 ha"
"fpswf",2040,"LVA","GRS",0.428923165,"AREA","1000 ha"
"fpswf",2040,"LVA","TOT",4.065291735,"AREA","1000 ha"
"fpswf",2040,"LTU","CRP",13.93489692,"AREA","1000 ha"
"fpswf",2040,"LTU","GRS",0.729461316,"AREA","1000 ha"
"fpswf",2040,"LTU","TOT",14.66435824,"AREA","1000 ha"
"fpswf",2040,"MLT","CRP",0,"AREA","1000 ha"
"fpswf",2040,"MLT","GRS",0,"AREA","1000 ha"
"fpswf",2040,"MLT","TOT",0,"AREA","1000 ha"
"fpswf",2040,"NLD","CRP",1.053120607,"AREA","1000 ha"
"fpswf",2040,"NLD","GRS",1.121328632,"AREA","1000 ha"
"fpswf",2040,"NLD","TOT",2.174449239,"AREA","1000 ha"
"fpswf",2040,"NOR","CRP",0.558802067,"AREA","1000 ha"
"fpswf",2040,"NOR","GRS",0.084049537,"AREA","1000 ha"
"fpswf",2040,"NOR","TOT",0.642851604,"AREA","1000 ha"
"fpswf",2040,"POL","CRP",59.07486708,"AREA","1000 ha"
"fpswf",2040,"POL","GRS",1.995282825,"AREA","1000 ha"
"fpswf",2040,"POL","TOT",61.0701499,"AREA","1000 ha"
"fpswf",2040,"PRT","CRP",0.089263592,"AREA","1000 ha"
"fpswf",2040,"PRT","GRS",1.240688906,"AREA","1000 ha"
"fpswf",2040,"PRT","TOT",1.329952498,"AREA","1000 ha"
"fpswf",2040,"ROU","CRP",18.38686421,"AREA","1000 ha"
"fpswf",2040,"ROU","GRS",3.744581537,"AREA","1000 ha"
"fpswf",2040,"ROU","TOT",22.13144575,"AREA","1000 ha"
"fpswf",2040,"SVK","CRP",9.157055077,"AREA","1000 ha"
"fpswf",2040,"SVK","GRS",0.589403342,"AREA","1000 ha"
"fpswf",2040,"SVK","TOT",9.746458419,"AREA","1000 ha"
"fpswf",2040,"SVN","CRP",0.575080042,"AREA","1000 ha"
"fpswf",2040,"SVN","GRS",0.024496507,"AREA","1000 ha"
"fpswf",2040,"SVN","TOT",0.599576549,"AREA","1000 ha"
"fpswf",2040,"ESP","CRP",13.52853544,"AREA","1000 ha"
"fpswf",2040,"ESP","GRS",4.752863456,"AREA","1000 ha"
"fpswf",2040,"ESP","TOT",18.28139889,"AREA","1000 ha"
"fpswf",2040,"SWE","CRP",2.064656276,"AREA","1000 ha"
"fpswf",2040,"SWE","GRS",1.433241257,"AREA","1000 ha"
"fpswf",2040,"SWE","TOT",3.497897533,"AREA","1000 ha"
"fpswf",2050,"AUT","CRP",2.692940958,"AREA","1000 ha"
"fpswf",2050,"AUT","GRS",0.508114868,"AREA","1000 ha"
"fpswf",2050,"AUT","TOT",3.201055826,"AREA","1000 ha"
"fpswf",2050,"BGR","CRP",46.34821575,"AREA","1000 ha"
"fpswf",2050,"BGR","GRS",1.308664882,"AREA","1000 ha"
"fpswf",2050,"BGR","TOT",47.65688064,"AREA","1000 ha"
"fpswf",2050,"HRV","CRP",13.80976841,"AREA","1000 ha"
"fpswf",2050,"HRV","GRS",0.572870479,"AREA","1000 ha"
"fpswf",2050,"HRV","TOT",14.38263889,"AREA","1000 ha"
"fpswf",2050,"CYP","CRP",0.000347775,"AREA","1000 ha"
"fpswf",2050,"CYP","GRS",0.029161927,"AREA","1000 ha"
"fpswf",2050,"CYP","TOT",0.029509702,"AREA","1000 ha"
"fpswf",2050,"CZE","CRP",29.38185813,"AREA","1000 ha"
"fpswf",2050,"CZE","GRS",1.050304557,"AREA","1000 ha"
"fpswf",2050,"CZE","TOT",30.43216269,"AREA","1000 ha"
"fpswf",2050,"DNK","CRP",12.57776974,"AREA","1000 ha"
"fpswf",2050,"DNK","GRS",0.491690623,"AREA","1000 ha"
"fpswf",2050,"DNK","TOT",13.06946036,"AREA","1000 ha"
"fpswf",2050,"EST","CRP",0.925118452,"AREA","1000 ha"
"fpswf",2050,"EST","GRS",0.472505978,"AREA","1000 ha"
"fpswf",2050,"EST","TOT",1.397624429,"AREA","1000 ha"
"fpswf",2050,"FIN","CRP",0.102544434,"AREA","1000 ha"
"fpswf",2050,"FIN","GRS",0.400619861,"AREA","1000 ha"
"fpswf",2050,"FIN","TOT",0.503164295,"AREA","1000 ha"
"fpswf",2050,"FRA","CRP",64.61329135,"AREA","1000 ha"
"fpswf",2050,"FRA","GRS",30.71628995,"AREA","1000 ha"
"fpswf",2050,"FRA","TOT",95.32958129,"AREA","1000 ha"
"fpswf",2050,"DEU","CRP",32.59622787,"AREA","1000 ha"
"fpswf",2050,"DEU","GRS",4.795727331,"AREA","1000 ha"
"fpswf",2050,"DEU","TOT",37.3919552,"AREA","1000 ha"
"fpswf",2050,"HUN","CRP",64.76529151,"AREA","1000 ha"
"fpswf",2050,"HUN","GRS",0.56632801,"AREA","1000 ha"
"fpswf",2050,"HUN","TOT",65.33161952,"AREA","1000 ha"
"fpswf",2050,"IRL","CRP",0.104948254,"AREA","1000 ha"
"fpswf",2050,"IRL","GRS",11.50658942,"AREA","1000 ha"
"fpswf",2050,"IRL","TOT",11.61153768,"AREA","1000 ha"
"fpswf",2050,"ITA","CRP",14.59830291,"AREA","1000 ha"
"fpswf",2050,"ITA","GRS",1.556831836,"AREA","1000 ha"
"fpswf",2050,"ITA","TOT",16.15513475,"AREA","1000 ha"
"fpswf",2050,"LVA","CRP",4.723578567,"AREA","1000 ha"
"fpswf",2050,"LVA","GRS",0.514155381,"AREA","1000 ha"
"fpswf",2050,"LVA","TOT",5.237733948,"AREA","1000 ha"
"fpswf",2050,"LTU","CRP",19.94715891,"AREA","1000 ha"
"fpswf",2050,"LTU","GRS",0.823555098,"AREA","1000 ha"
"fpswf",2050,"LTU","TOT",20.77071401,"AREA","1000 ha"
"fpswf",2050,"MLT","CRP",0,"AREA","1000 ha"
"fpswf",2050,"MLT","GRS",0,"AREA","1000 ha"
"fpswf",2050,"MLT","TOT",0,"AREA","1000 ha"
"fpswf",2050,"NLD","CRP",1.769624913,"AREA","1000 ha"
"fpswf",2050,"NLD","GRS",1.075546236,"AREA","1000 ha"
"fpswf",2050,"NLD","TOT",2.845171149,"AREA","1000 ha"
"fpswf",2050,"NOR","CRP",0.715506201,"AREA","1000 ha"
"fpswf",2050,"NOR","GRS",0.107814831,"AREA","1000 ha"
"fpswf",2050,"NOR","TOT",0.823321032,"AREA","1000 ha"
"fpswf",2050,"POL","CRP",72.91093173,"AREA","1000 ha"
"fpswf",2050,"POL","GRS",2.188840136,"AREA","1000 ha"
"fpswf",2050,"POL","TOT",75.09977186,"AREA","1000 ha"
"fpswf",2050,"PRT","CRP",0.091621945,"AREA","1000 ha"
"fpswf",2050,"PRT","GRS",1.550877986,"AREA","1000 ha"
"fpswf",2050,"PRT","TOT",1.642499931,"AREA","1000 ha"
"fpswf",2050,"ROU","CRP",27.23813627,"AREA","1000 ha"
"fpswf",2050,"ROU","GRS",4.17580928,"AREA","1000 ha"
"fpswf",2050,"ROU","TOT",31.41394555,"AREA","1000 ha"
"fpswf",2050,"SVK","CRP",12.84098458,"AREA","1000 ha"
"fpswf",2050,"SVK","GRS",0.69593724,"AREA","1000 ha"
"fpswf",2050,"SVK","TOT",13.53692182,"AREA","1000 ha"
"fpswf",2050,"SVN","CRP",0.974541804,"AREA","1000 ha"
"fpswf",2050,"SVN","GRS",0.040787223,"AREA","1000 ha"
"fpswf",2050,"SVN","TOT",1.015329026,"AREA","1000 ha"
"fpswf",2050,"ESP","CRP",45.31071374,"AREA","1000 ha"
"fpswf",2050,"ESP","GRS",6.162887908,"AREA","1000 ha"
"fpswf",2050,"ESP","TOT",51.47360165,"AREA","1000 ha"
"fpswf",2050,"SWE","CRP",2.997852408,"AREA","1000 ha"
"fpswf",2050,"SWE","GRS",1.663712953,"AREA","1000 ha"
"fpswf",2050,"SWE","TOT",4.661565361,"AREA","1000 ha"
